BUYING,MAINT,DOORS,PERSONS,LUG_BOOT,SAFETY,CLASS
0,0,0,0,0,0,0,0
1,0,0,0,0,0,1,0
2,0,0,0,0,0,2,0
3,0,0,0,0,1,0,0
4,0,0,0,0,1,1,0
5,0,0,0,0,1,2,0
6,0,0,0,0,2,0,0
7,0,0,0,0,2,1,0
8,0,0,0,0,2,2,0
9,0,0,0,1,0,0,0
10,0,0,0,1,0,1,0
11,0,0,0,1,0,2,0
12,0,0,0,1,1,0,0
13,0,0,0,1,1,1,0
14,0,0,0,1,1,2,0
15,0,0,0,1,2,0,0
16,0,0,0,1,2,1,0
17,0,0,0,1,2,2,0
18,0,0,0,2,0,0,0
19,0,0,0,2,0,1,0
20,0,0,0,2,0,2,0
21,0,0,0,2,1,0,0
22,0,0,0,2,1,1,0
23,0,0,0,2,1,2,0
24,0,0,0,2,2,0,0
25,0,0,0,2,2,1,0
26,0,0,0,2,2,2,0
27,0,0,1,0,0,0,0
28,0,0,1,0,0,1,0
29,0,0,1,0,0,2,0
30,0,0,1,0,1,0,0
31,0,0,1,0,1,1,0
32,0,0,1,0,1,2,0
33,0,0,1,0,2,0,0
34,0,0,1,0,2,1,0
35,0,0,1,0,2,2,0
36,0,0,1,1,0,0,0
37,0,0,1,1,0,1,0
38,0,0,1,1,0,2,0
39,0,0,1,1,1,0,0
40,0,0,1,1,1,1,0
41,0,0,1,1,1,2,0
42,0,0,1,1,2,0,0
43,0,0,1,1,2,1,0
44,0,0,1,1,2,2,0
45,0,0,1,2,0,0,0
46,0,0,1,2,0,1,0
47,0,0,1,2,0,2,0
48,0,0,1,2,1,0,0
49,0,0,1,2,1,1,0
50,0,0,1,2,1,2,0
51,0,0,1,2,2,0,0
52,0,0,1,2,2,1,0
53,0,0,1,2,2,2,0
54,0,0,2,0,0,0,0
55,0,0,2,0,0,1,0
56,0,0,2,0,0,2,0
57,0,0,2,0,1,0,0
58,0,0,2,0,1,1,0
59,0,0,2,0,1,2,0
60,0,0,2,0,2,0,0
61,0,0,2,0,2,1,0
62,0,0,2,0,2,2,0
63,0,0,2,1,0,0,0
64,0,0,2,1,0,1,0
65,0,0,2,1,0,2,0
66,0,0,2,1,1,0,0
67,0,0,2,1,1,1,0
68,0,0,2,1,1,2,0
69,0,0,2,1,2,0,0
70,0,0,2,1,2,1,0
71,0,0,2,1,2,2,0
72,0,0,2,2,0,0,0
73,0,0,2,2,0,1,0
74,0,0,2,2,0,2,0
75,0,0,2,2,1,0,0
76,0,0,2,2,1,1,0
77,0,0,2,2,1,2,0
78,0,0,2,2,2,0,0
79,0,0,2,2,2,1,0
80,0,0,2,2,2,2,0
81,0,0,3,0,0,0,0
82,0,0,3,0,0,1,0
83,0,0,3,0,0,2,0
84,0,0,3,0,1,0,0
85,0,0,3,0,1,1,0
86,0,0,3,0,1,2,0
87,0,0,3,0,2,0,0
88,0,0,3,0,2,1,0
89,0,0,3,0,2,2,0
90,0,0,3,1,0,0,0
91,0,0,3,1,0,1,0
92,0,0,3,1,0,2,0
93,0,0,3,1,1,0,0
94,0,0,3,1,1,1,0
95,0,0,3,1,1,2,0
96,0,0,3,1,2,0,0
97,0,0,3,1,2,1,0
98,0,0,3,1,2,2,0
99,0,0,3,2,0,0,0
100,0,0,3,2,0,1,0
101,0,0,3,2,0,2,0
102,0,0,3,2,1,0,0
103,0,0,3,2,1,1,0
104,0,0,3,2,1,2,0
105,0,0,3,2,2,0,0
106,0,0,3,2,2,1,0
107,0,0,3,2,2,2,0
108,0,1,0,0,0,0,0
109,0,1,0,0,0,1,0
110,0,1,0,0,0,2,0
111,0,1,0,0,1,0,0
112,0,1,0,0,1,1,0
113,0,1,0,0,1,2,0
114,0,1,0,0,2,0,0
115,0,1,0,0,2,1,0
116,0,1,0,0,2,2,0
117,0,1,0,1,0,0,0
118,0,1,0,1,0,1,0
119,0,1,0,1,0,2,0
120,0,1,0,1,1,0,0
121,0,1,0,1,1,1,0
122,0,1,0,1,1,2,0
123,0,1,0,1,2,0,0
124,0,1,0,1,2,1,0
125,0,1,0,1,2,2,0
126,0,1,0,2,0,0,0
127,0,1,0,2,0,1,0
128,0,1,0,2,0,2,0
129,0,1,0,2,1,0,0
130,0,1,0,2,1,1,0
131,0,1,0,2,1,2,0
132,0,1,0,2,2,0,0
133,0,1,0,2,2,1,0
134,0,1,0,2,2,2,0
135,0,1,1,0,0,0,0
136,0,1,1,0,0,1,0
137,0,1,1,0,0,2,0
138,0,1,1,0,1,0,0
139,0,1,1,0,1,1,0
140,0,1,1,0,1,2,0
141,0,1,1,0,2,0,0
142,0,1,1,0,2,1,0
143,0,1,1,0,2,2,0
144,0,1,1,1,0,0,0
145,0,1,1,1,0,1,0
146,0,1,1,1,0,2,0
147,0,1,1,1,1,0,0
148,0,1,1,1,1,1,0
149,0,1,1,1,1,2,0
150,0,1,1,1,2,0,0
151,0,1,1,1,2,1,0
152,0,1,1,1,2,2,0
153,0,1,1,2,0,0,0
154,0,1,1,2,0,1,0
155,0,1,1,2,0,2,0
156,0,1,1,2,1,0,0
157,0,1,1,2,1,1,0
158,0,1,1,2,1,2,0
159,0,1,1,2,2,0,0
160,0,1,1,2,2,1,0
161,0,1,1,2,2,2,0
162,0,1,2,0,0,0,0
163,0,1,2,0,0,1,0
164,0,1,2,0,0,2,0
165,0,1,2,0,1,0,0
166,0,1,2,0,1,1,0
167,0,1,2,0,1,2,0
168,0,1,2,0,2,0,0
169,0,1,2,0,2,1,0
170,0,1,2,0,2,2,0
171,0,1,2,1,0,0,0
172,0,1,2,1,0,1,0
173,0,1,2,1,0,2,0
174,0,1,2,1,1,0,0
175,0,1,2,1,1,1,0
176,0,1,2,1,1,2,0
177,0,1,2,1,2,0,0
178,0,1,2,1,2,1,0
179,0,1,2,1,2,2,0
180,0,1,2,2,0,0,0
181,0,1,2,2,0,1,0
182,0,1,2,2,0,2,0
183,0,1,2,2,1,0,0
184,0,1,2,2,1,1,0
185,0,1,2,2,1,2,0
186,0,1,2,2,2,0,0
187,0,1,2,2,2,1,0
188,0,1,2,2,2,2,0
189,0,1,3,0,0,0,0
190,0,1,3,0,0,1,0
191,0,1,3,0,0,2,0
192,0,1,3,0,1,0,0
193,0,1,3,0,1,1,0
194,0,1,3,0,1,2,0
195,0,1,3,0,2,0,0
196,0,1,3,0,2,1,0
197,0,1,3,0,2,2,0
198,0,1,3,1,0,0,0
199,0,1,3,1,0,1,0
200,0,1,3,1,0,2,0
201,0,1,3,1,1,0,0
202,0,1,3,1,1,1,0
203,0,1,3,1,1,2,0
204,0,1,3,1,2,0,0
205,0,1,3,1,2,1,0
206,0,1,3,1,2,2,0
207,0,1,3,2,0,0,0
208,0,1,3,2,0,1,0
209,0,1,3,2,0,2,0
210,0,1,3,2,1,0,0
211,0,1,3,2,1,1,0
212,0,1,3,2,1,2,0
213,0,1,3,2,2,0,0
214,0,1,3,2,2,1,0
215,0,1,3,2,2,2,0
216,0,2,0,0,0,0,0
217,0,2,0,0,0,1,0
218,0,2,0,0,0,2,0
219,0,2,0,0,1,0,0
220,0,2,0,0,1,1,0
221,0,2,0,0,1,2,0
222,0,2,0,0,2,0,0
223,0,2,0,0,2,1,0
224,0,2,0,0,2,2,0
225,0,2,0,1,0,0,0
226,0,2,0,1,0,1,0
227,0,2,0,1,0,2,1
228,0,2,0,1,1,0,0
229,0,2,0,1,1,1,0
230,0,2,0,1,1,2,1
231,0,2,0,1,2,0,0
232,0,2,0,1,2,1,1
233,0,2,0,1,2,2,1
234,0,2,0,2,0,0,0
235,0,2,0,2,0,1,0
236,0,2,0,2,0,2,0
237,0,2,0,2,1,0,0
238,0,2,0,2,1,1,0
239,0,2,0,2,1,2,1
240,0,2,0,2,2,0,0
241,0,2,0,2,2,1,1
242,0,2,0,2,2,2,1
243,0,2,1,0,0,0,0
244,0,2,1,0,0,1,0
245,0,2,1,0,0,2,0
246,0,2,1,0,1,0,0
247,0,2,1,0,1,1,0
248,0,2,1,0,1,2,0
249,0,2,1,0,2,0,0
250,0,2,1,0,2,1,0
251,0,2,1,0,2,2,0
252,0,2,1,1,0,0,0
253,0,2,1,1,0,1,0
254,0,2,1,1,0,2,1
255,0,2,1,1,1,0,0
256,0,2,1,1,1,1,0
257,0,2,1,1,1,2,1
258,0,2,1,1,2,0,0
259,0,2,1,1,2,1,1
260,0,2,1,1,2,2,1
261,0,2,1,2,0,0,0
262,0,2,1,2,0,1,0
263,0,2,1,2,0,2,1
264,0,2,1,2,1,0,0
265,0,2,1,2,1,1,1
266,0,2,1,2,1,2,1
267,0,2,1,2,2,0,0
268,0,2,1,2,2,1,1
269,0,2,1,2,2,2,1
270,0,2,2,0,0,0,0
271,0,2,2,0,0,1,0
272,0,2,2,0,0,2,0
273,0,2,2,0,1,0,0
274,0,2,2,0,1,1,0
275,0,2,2,0,1,2,0
276,0,2,2,0,2,0,0
277,0,2,2,0,2,1,0
278,0,2,2,0,2,2,0
279,0,2,2,1,0,0,0
280,0,2,2,1,0,1,0
281,0,2,2,1,0,2,1
282,0,2,2,1,1,0,0
283,0,2,2,1,1,1,1
284,0,2,2,1,1,2,1
285,0,2,2,1,2,0,0
286,0,2,2,1,2,1,1
287,0,2,2,1,2,2,1
288,0,2,2,2,0,0,0
289,0,2,2,2,0,1,0
290,0,2,2,2,0,2,1
291,0,2,2,2,1,0,0
292,0,2,2,2,1,1,1
293,0,2,2,2,1,2,1
294,0,2,2,2,2,0,0
295,0,2,2,2,2,1,1
296,0,2,2,2,2,2,1
297,0,2,3,0,0,0,0
298,0,2,3,0,0,1,0
299,0,2,3,0,0,2,0
300,0,2,3,0,1,0,0
301,0,2,3,0,1,1,0
302,0,2,3,0,1,2,0
303,0,2,3,0,2,0,0
304,0,2,3,0,2,1,0
305,0,2,3,0,2,2,0
306,0,2,3,1,0,0,0
307,0,2,3,1,0,1,0
308,0,2,3,1,0,2,1
309,0,2,3,1,1,0,0
310,0,2,3,1,1,1,1
311,0,2,3,1,1,2,1
312,0,2,3,1,2,0,0
313,0,2,3,1,2,1,1
314,0,2,3,1,2,2,1
315,0,2,3,2,0,0,0
316,0,2,3,2,0,1,0
317,0,2,3,2,0,2,1
318,0,2,3,2,1,0,0
319,0,2,3,2,1,1,1
320,0,2,3,2,1,2,1
321,0,2,3,2,2,0,0
322,0,2,3,2,2,1,1
323,0,2,3,2,2,2,1
324,0,3,0,0,0,0,0
325,0,3,0,0,0,1,0
326,0,3,0,0,0,2,0
327,0,3,0,0,1,0,0
328,0,3,0,0,1,1,0
329,0,3,0,0,1,2,0
330,0,3,0,0,2,0,0
331,0,3,0,0,2,1,0
332,0,3,0,0,2,2,0
333,0,3,0,1,0,0,0
334,0,3,0,1,0,1,0
335,0,3,0,1,0,2,1
336,0,3,0,1,1,0,0
337,0,3,0,1,1,1,0
338,0,3,0,1,1,2,1
339,0,3,0,1,2,0,0
340,0,3,0,1,2,1,1
341,0,3,0,1,2,2,1
342,0,3,0,2,0,0,0
343,0,3,0,2,0,1,0
344,0,3,0,2,0,2,0
345,0,3,0,2,1,0,0
346,0,3,0,2,1,1,0
347,0,3,0,2,1,2,1
348,0,3,0,2,2,0,0
349,0,3,0,2,2,1,1
350,0,3,0,2,2,2,1
351,0,3,1,0,0,0,0
352,0,3,1,0,0,1,0
353,0,3,1,0,0,2,0
354,0,3,1,0,1,0,0
355,0,3,1,0,1,1,0
356,0,3,1,0,1,2,0
357,0,3,1,0,2,0,0
358,0,3,1,0,2,1,0
359,0,3,1,0,2,2,0
360,0,3,1,1,0,0,0
361,0,3,1,1,0,1,0
362,0,3,1,1,0,2,1
363,0,3,1,1,1,0,0
364,0,3,1,1,1,1,0
365,0,3,1,1,1,2,1
366,0,3,1,1,2,0,0
367,0,3,1,1,2,1,1
368,0,3,1,1,2,2,1
369,0,3,1,2,0,0,0
370,0,3,1,2,0,1,0
371,0,3,1,2,0,2,1
372,0,3,1,2,1,0,0
373,0,3,1,2,1,1,1
374,0,3,1,2,1,2,1
375,0,3,1,2,2,0,0
376,0,3,1,2,2,1,1
377,0,3,1,2,2,2,1
378,0,3,2,0,0,0,0
379,0,3,2,0,0,1,0
380,0,3,2,0,0,2,0
381,0,3,2,0,1,0,0
382,0,3,2,0,1,1,0
383,0,3,2,0,1,2,0
384,0,3,2,0,2,0,0
385,0,3,2,0,2,1,0
386,0,3,2,0,2,2,0
387,0,3,2,1,0,0,0
388,0,3,2,1,0,1,0
389,0,3,2,1,0,2,1
390,0,3,2,1,1,0,0
391,0,3,2,1,1,1,1
392,0,3,2,1,1,2,1
393,0,3,2,1,2,0,0
394,0,3,2,1,2,1,1
395,0,3,2,1,2,2,1
396,0,3,2,2,0,0,0
397,0,3,2,2,0,1,0
398,0,3,2,2,0,2,1
399,0,3,2,2,1,0,0
400,0,3,2,2,1,1,1
401,0,3,2,2,1,2,1
402,0,3,2,2,2,0,0
403,0,3,2,2,2,1,1
404,0,3,2,2,2,2,1
405,0,3,3,0,0,0,0
406,0,3,3,0,0,1,0
407,0,3,3,0,0,2,0
408,0,3,3,0,1,0,0
409,0,3,3,0,1,1,0
410,0,3,3,0,1,2,0
411,0,3,3,0,2,0,0
412,0,3,3,0,2,1,0
413,0,3,3,0,2,2,0
414,0,3,3,1,0,0,0
415,0,3,3,1,0,1,0
416,0,3,3,1,0,2,1
417,0,3,3,1,1,0,0
418,0,3,3,1,1,1,1
419,0,3,3,1,1,2,1
420,0,3,3,1,2,0,0
421,0,3,3,1,2,1,1
422,0,3,3,1,2,2,1
423,0,3,3,2,0,0,0
424,0,3,3,2,0,1,0
425,0,3,3,2,0,2,1
426,0,3,3,2,1,0,0
427,0,3,3,2,1,1,1
428,0,3,3,2,1,2,1
429,0,3,3,2,2,0,0
430,0,3,3,2,2,1,1
431,0,3,3,2,2,2,1
432,1,0,0,0,0,0,0
433,1,0,0,0,0,1,0
434,1,0,0,0,0,2,0
435,1,0,0,0,1,0,0
436,1,0,0,0,1,1,0
437,1,0,0,0,1,2,0
438,1,0,0,0,2,0,0
439,1,0,0,0,2,1,0
440,1,0,0,0,2,2,0
441,1,0,0,1,0,0,0
442,1,0,0,1,0,1,0
443,1,0,0,1,0,2,0
444,1,0,0,1,1,0,0
445,1,0,0,1,1,1,0
446,1,0,0,1,1,2,0
447,1,0,0,1,2,0,0
448,1,0,0,1,2,1,0
449,1,0,0,1,2,2,0
450,1,0,0,2,0,0,0
451,1,0,0,2,0,1,0
452,1,0,0,2,0,2,0
453,1,0,0,2,1,0,0
454,1,0,0,2,1,1,0
455,1,0,0,2,1,2,0
456,1,0,0,2,2,0,0
457,1,0,0,2,2,1,0
458,1,0,0,2,2,2,0
459,1,0,1,0,0,0,0
460,1,0,1,0,0,1,0
461,1,0,1,0,0,2,0
462,1,0,1,0,1,0,0
463,1,0,1,0,1,1,0
464,1,0,1,0,1,2,0
465,1,0,1,0,2,0,0
466,1,0,1,0,2,1,0
467,1,0,1,0,2,2,0
468,1,0,1,1,0,0,0
469,1,0,1,1,0,1,0
470,1,0,1,1,0,2,0
471,1,0,1,1,1,0,0
472,1,0,1,1,1,1,0
473,1,0,1,1,1,2,0
474,1,0,1,1,2,0,0
475,1,0,1,1,2,1,0
476,1,0,1,1,2,2,0
477,1,0,1,2,0,0,0
478,1,0,1,2,0,1,0
479,1,0,1,2,0,2,0
480,1,0,1,2,1,0,0
481,1,0,1,2,1,1,0
482,1,0,1,2,1,2,0
483,1,0,1,2,2,0,0
484,1,0,1,2,2,1,0
485,1,0,1,2,2,2,0
486,1,0,2,0,0,0,0
487,1,0,2,0,0,1,0
488,1,0,2,0,0,2,0
489,1,0,2,0,1,0,0
490,1,0,2,0,1,1,0
491,1,0,2,0,1,2,0
492,1,0,2,0,2,0,0
493,1,0,2,0,2,1,0
494,1,0,2,0,2,2,0
495,1,0,2,1,0,0,0
496,1,0,2,1,0,1,0
497,1,0,2,1,0,2,0
498,1,0,2,1,1,0,0
499,1,0,2,1,1,1,0
500,1,0,2,1,1,2,0
501,1,0,2,1,2,0,0
502,1,0,2,1,2,1,0
503,1,0,2,1,2,2,0
504,1,0,2,2,0,0,0
505,1,0,2,2,0,1,0
506,1,0,2,2,0,2,0
507,1,0,2,2,1,0,0
508,1,0,2,2,1,1,0
509,1,0,2,2,1,2,0
510,1,0,2,2,2,0,0
511,1,0,2,2,2,1,0
512,1,0,2,2,2,2,0
513,1,0,3,0,0,0,0
514,1,0,3,0,0,1,0
515,1,0,3,0,0,2,0
516,1,0,3,0,1,0,0
517,1,0,3,0,1,1,0
518,1,0,3,0,1,2,0
519,1,0,3,0,2,0,0
520,1,0,3,0,2,1,0
521,1,0,3,0,2,2,0
522,1,0,3,1,0,0,0
523,1,0,3,1,0,1,0
524,1,0,3,1,0,2,0
525,1,0,3,1,1,0,0
526,1,0,3,1,1,1,0
527,1,0,3,1,1,2,0
528,1,0,3,1,2,0,0
529,1,0,3,1,2,1,0
530,1,0,3,1,2,2,0
531,1,0,3,2,0,0,0
532,1,0,3,2,0,1,0
533,1,0,3,2,0,2,0
534,1,0,3,2,1,0,0
535,1,0,3,2,1,1,0
536,1,0,3,2,1,2,0
537,1,0,3,2,2,0,0
538,1,0,3,2,2,1,0
539,1,0,3,2,2,2,0
540,1,1,0,0,0,0,0
541,1,1,0,0,0,1,0
542,1,1,0,0,0,2,0
543,1,1,0,0,1,0,0
544,1,1,0,0,1,1,0
545,1,1,0,0,1,2,0
546,1,1,0,0,2,0,0
547,1,1,0,0,2,1,0
548,1,1,0,0,2,2,0
549,1,1,0,1,0,0,0
550,1,1,0,1,0,1,0
551,1,1,0,1,0,2,1
552,1,1,0,1,1,0,0
553,1,1,0,1,1,1,0
554,1,1,0,1,1,2,1
555,1,1,0,1,2,0,0
556,1,1,0,1,2,1,1
557,1,1,0,1,2,2,1
558,1,1,0,2,0,0,0
559,1,1,0,2,0,1,0
560,1,1,0,2,0,2,0
561,1,1,0,2,1,0,0
562,1,1,0,2,1,1,0
563,1,1,0,2,1,2,1
564,1,1,0,2,2,0,0
565,1,1,0,2,2,1,1
566,1,1,0,2,2,2,1
567,1,1,1,0,0,0,0
568,1,1,1,0,0,1,0
569,1,1,1,0,0,2,0
570,1,1,1,0,1,0,0
571,1,1,1,0,1,1,0
572,1,1,1,0,1,2,0
573,1,1,1,0,2,0,0
574,1,1,1,0,2,1,0
575,1,1,1,0,2,2,0
576,1,1,1,1,0,0,0
577,1,1,1,1,0,1,0
578,1,1,1,1,0,2,1
579,1,1,1,1,1,0,0
580,1,1,1,1,1,1,0
581,1,1,1,1,1,2,1
582,1,1,1,1,2,0,0
583,1,1,1,1,2,1,1
584,1,1,1,1,2,2,1
585,1,1,1,2,0,0,0
586,1,1,1,2,0,1,0
587,1,1,1,2,0,2,1
588,1,1,1,2,1,0,0
589,1,1,1,2,1,1,1
590,1,1,1,2,1,2,1
591,1,1,1,2,2,0,0
592,1,1,1,2,2,1,1
593,1,1,1,2,2,2,1
594,1,1,2,0,0,0,0
595,1,1,2,0,0,1,0
596,1,1,2,0,0,2,0
597,1,1,2,0,1,0,0
598,1,1,2,0,1,1,0
599,1,1,2,0,1,2,0
600,1,1,2,0,2,0,0
601,1,1,2,0,2,1,0
602,1,1,2,0,2,2,0
603,1,1,2,1,0,0,0
604,1,1,2,1,0,1,0
605,1,1,2,1,0,2,1
606,1,1,2,1,1,0,0
607,1,1,2,1,1,1,1
608,1,1,2,1,1,2,1
609,1,1,2,1,2,0,0
610,1,1,2,1,2,1,1
611,1,1,2,1,2,2,1
612,1,1,2,2,0,0,0
613,1,1,2,2,0,1,0
614,1,1,2,2,0,2,1
615,1,1,2,2,1,0,0
616,1,1,2,2,1,1,1
617,1,1,2,2,1,2,1
618,1,1,2,2,2,0,0
619,1,1,2,2,2,1,1
620,1,1,2,2,2,2,1
621,1,1,3,0,0,0,0
622,1,1,3,0,0,1,0
623,1,1,3,0,0,2,0
624,1,1,3,0,1,0,0
625,1,1,3,0,1,1,0
626,1,1,3,0,1,2,0
627,1,1,3,0,2,0,0
628,1,1,3,0,2,1,0
629,1,1,3,0,2,2,0
630,1,1,3,1,0,0,0
631,1,1,3,1,0,1,0
632,1,1,3,1,0,2,1
633,1,1,3,1,1,0,0
634,1,1,3,1,1,1,1
635,1,1,3,1,1,2,1
636,1,1,3,1,2,0,0
637,1,1,3,1,2,1,1
638,1,1,3,1,2,2,1
639,1,1,3,2,0,0,0
640,1,1,3,2,0,1,0
641,1,1,3,2,0,2,1
642,1,1,3,2,1,0,0
643,1,1,3,2,1,1,1
644,1,1,3,2,1,2,1
645,1,1,3,2,2,0,0
646,1,1,3,2,2,1,1
647,1,1,3,2,2,2,1
648,1,2,0,0,0,0,0
649,1,2,0,0,0,1,0
650,1,2,0,0,0,2,0
651,1,2,0,0,1,0,0
652,1,2,0,0,1,1,0
653,1,2,0,0,1,2,0
654,1,2,0,0,2,0,0
655,1,2,0,0,2,1,0
656,1,2,0,0,2,2,0
657,1,2,0,1,0,0,0
658,1,2,0,1,0,1,0
659,1,2,0,1,0,2,1
660,1,2,0,1,1,0,0
661,1,2,0,1,1,1,0
662,1,2,0,1,1,2,1
663,1,2,0,1,2,0,0
664,1,2,0,1,2,1,1
665,1,2,0,1,2,2,1
666,1,2,0,2,0,0,0
667,1,2,0,2,0,1,0
668,1,2,0,2,0,2,0
669,1,2,0,2,1,0,0
670,1,2,0,2,1,1,0
671,1,2,0,2,1,2,1
672,1,2,0,2,2,0,0
673,1,2,0,2,2,1,1
674,1,2,0,2,2,2,1
675,1,2,1,0,0,0,0
676,1,2,1,0,0,1,0
677,1,2,1,0,0,2,0
678,1,2,1,0,1,0,0
679,1,2,1,0,1,1,0
680,1,2,1,0,1,2,0
681,1,2,1,0,2,0,0
682,1,2,1,0,2,1,0
683,1,2,1,0,2,2,0
684,1,2,1,1,0,0,0
685,1,2,1,1,0,1,0
686,1,2,1,1,0,2,1
687,1,2,1,1,1,0,0
688,1,2,1,1,1,1,0
689,1,2,1,1,1,2,1
690,1,2,1,1,2,0,0
691,1,2,1,1,2,1,1
692,1,2,1,1,2,2,1
693,1,2,1,2,0,0,0
694,1,2,1,2,0,1,0
695,1,2,1,2,0,2,1
696,1,2,1,2,1,0,0
697,1,2,1,2,1,1,1
698,1,2,1,2,1,2,1
699,1,2,1,2,2,0,0
700,1,2,1,2,2,1,1
701,1,2,1,2,2,2,1
702,1,2,2,0,0,0,0
703,1,2,2,0,0,1,0
704,1,2,2,0,0,2,0
705,1,2,2,0,1,0,0
706,1,2,2,0,1,1,0
707,1,2,2,0,1,2,0
708,1,2,2,0,2,0,0
709,1,2,2,0,2,1,0
710,1,2,2,0,2,2,0
711,1,2,2,1,0,0,0
712,1,2,2,1,0,1,0
713,1,2,2,1,0,2,1
714,1,2,2,1,1,0,0
715,1,2,2,1,1,1,1
716,1,2,2,1,1,2,1
717,1,2,2,1,2,0,0
718,1,2,2,1,2,1,1
719,1,2,2,1,2,2,1
720,1,2,2,2,0,0,0
721,1,2,2,2,0,1,0
722,1,2,2,2,0,2,1
723,1,2,2,2,1,0,0
724,1,2,2,2,1,1,1
725,1,2,2,2,1,2,1
726,1,2,2,2,2,0,0
727,1,2,2,2,2,1,1
728,1,2,2,2,2,2,1
729,1,2,3,0,0,0,0
730,1,2,3,0,0,1,0
731,1,2,3,0,0,2,0
732,1,2,3,0,1,0,0
733,1,2,3,0,1,1,0
734,1,2,3,0,1,2,0
735,1,2,3,0,2,0,0
736,1,2,3,0,2,1,0
737,1,2,3,0,2,2,0
738,1,2,3,1,0,0,0
739,1,2,3,1,0,1,0
740,1,2,3,1,0,2,1
741,1,2,3,1,1,0,0
742,1,2,3,1,1,1,1
743,1,2,3,1,1,2,1
744,1,2,3,1,2,0,0
745,1,2,3,1,2,1,1
746,1,2,3,1,2,2,1
747,1,2,3,2,0,0,0
748,1,2,3,2,0,1,0
749,1,2,3,2,0,2,1
750,1,2,3,2,1,0,0
751,1,2,3,2,1,1,1
752,1,2,3,2,1,2,1
753,1,2,3,2,2,0,0
754,1,2,3,2,2,1,1
755,1,2,3,2,2,2,1
756,1,3,0,0,0,0,0
757,1,3,0,0,0,1,0
758,1,3,0,0,0,2,0
759,1,3,0,0,1,0,0
760,1,3,0,0,1,1,0
761,1,3,0,0,1,2,0
762,1,3,0,0,2,0,0
763,1,3,0,0,2,1,0
764,1,3,0,0,2,2,0
765,1,3,0,1,0,0,0
766,1,3,0,1,0,1,0
767,1,3,0,1,0,2,1
768,1,3,0,1,1,0,0
769,1,3,0,1,1,1,0
770,1,3,0,1,1,2,1
771,1,3,0,1,2,0,0
772,1,3,0,1,2,1,1
773,1,3,0,1,2,2,1
774,1,3,0,2,0,0,0
775,1,3,0,2,0,1,0
776,1,3,0,2,0,2,0
777,1,3,0,2,1,0,0
778,1,3,0,2,1,1,0
779,1,3,0,2,1,2,1
780,1,3,0,2,2,0,0
781,1,3,0,2,2,1,1
782,1,3,0,2,2,2,1
783,1,3,1,0,0,0,0
784,1,3,1,0,0,1,0
785,1,3,1,0,0,2,0
786,1,3,1,0,1,0,0
787,1,3,1,0,1,1,0
788,1,3,1,0,1,2,0
789,1,3,1,0,2,0,0
790,1,3,1,0,2,1,0
791,1,3,1,0,2,2,0
792,1,3,1,1,0,0,0
793,1,3,1,1,0,1,0
794,1,3,1,1,0,2,1
795,1,3,1,1,1,0,0
796,1,3,1,1,1,1,0
797,1,3,1,1,1,2,1
798,1,3,1,1,2,0,0
799,1,3,1,1,2,1,1
800,1,3,1,1,2,2,1
801,1,3,1,2,0,0,0
802,1,3,1,2,0,1,0
803,1,3,1,2,0,2,1
804,1,3,1,2,1,0,0
805,1,3,1,2,1,1,1
806,1,3,1,2,1,2,1
807,1,3,1,2,2,0,0
808,1,3,1,2,2,1,1
809,1,3,1,2,2,2,1
810,1,3,2,0,0,0,0
811,1,3,2,0,0,1,0
812,1,3,2,0,0,2,0
813,1,3,2,0,1,0,0
814,1,3,2,0,1,1,0
815,1,3,2,0,1,2,0
816,1,3,2,0,2,0,0
817,1,3,2,0,2,1,0
818,1,3,2,0,2,2,0
819,1,3,2,1,0,0,0
820,1,3,2,1,0,1,0
821,1,3,2,1,0,2,1
822,1,3,2,1,1,0,0
823,1,3,2,1,1,1,1
824,1,3,2,1,1,2,1
825,1,3,2,1,2,0,0
826,1,3,2,1,2,1,1
827,1,3,2,1,2,2,1
828,1,3,2,2,0,0,0
829,1,3,2,2,0,1,0
830,1,3,2,2,0,2,1
831,1,3,2,2,1,0,0
832,1,3,2,2,1,1,1
833,1,3,2,2,1,2,1
834,1,3,2,2,2,0,0
835,1,3,2,2,2,1,1
836,1,3,2,2,2,2,1
837,1,3,3,0,0,0,0
838,1,3,3,0,0,1,0
839,1,3,3,0,0,2,0
840,1,3,3,0,1,0,0
841,1,3,3,0,1,1,0
842,1,3,3,0,1,2,0
843,1,3,3,0,2,0,0
844,1,3,3,0,2,1,0
845,1,3,3,0,2,2,0
846,1,3,3,1,0,0,0
847,1,3,3,1,0,1,0
848,1,3,3,1,0,2,1
849,1,3,3,1,1,0,0
850,1,3,3,1,1,1,1
851,1,3,3,1,1,2,1
852,1,3,3,1,2,0,0
853,1,3,3,1,2,1,1
854,1,3,3,1,2,2,1
855,1,3,3,2,0,0,0
856,1,3,3,2,0,1,0
857,1,3,3,2,0,2,1
858,1,3,3,2,1,0,0
859,1,3,3,2,1,1,1
860,1,3,3,2,1,2,1
861,1,3,3,2,2,0,0
862,1,3,3,2,2,1,1
863,1,3,3,2,2,2,1
864,2,0,0,0,0,0,0
865,2,0,0,0,0,1,0
866,2,0,0,0,0,2,0
867,2,0,0,0,1,0,0
868,2,0,0,0,1,1,0
869,2,0,0,0,1,2,0
870,2,0,0,0,2,0,0
871,2,0,0,0,2,1,0
872,2,0,0,0,2,2,0
873,2,0,0,1,0,0,0
874,2,0,0,1,0,1,0
875,2,0,0,1,0,2,1
876,2,0,0,1,1,0,0
877,2,0,0,1,1,1,0
878,2,0,0,1,1,2,1
879,2,0,0,1,2,0,0
880,2,0,0,1,2,1,1
881,2,0,0,1,2,2,1
882,2,0,0,2,0,0,0
883,2,0,0,2,0,1,0
884,2,0,0,2,0,2,0
885,2,0,0,2,1,0,0
886,2,0,0,2,1,1,0
887,2,0,0,2,1,2,1
888,2,0,0,2,2,0,0
889,2,0,0,2,2,1,1
890,2,0,0,2,2,2,1
891,2,0,1,0,0,0,0
892,2,0,1,0,0,1,0
893,2,0,1,0,0,2,0
894,2,0,1,0,1,0,0
895,2,0,1,0,1,1,0
896,2,0,1,0,1,2,0
897,2,0,1,0,2,0,0
898,2,0,1,0,2,1,0
899,2,0,1,0,2,2,0
900,2,0,1,1,0,0,0
901,2,0,1,1,0,1,0
902,2,0,1,1,0,2,1
903,2,0,1,1,1,0,0
904,2,0,1,1,1,1,0
905,2,0,1,1,1,2,1
906,2,0,1,1,2,0,0
907,2,0,1,1,2,1,1
908,2,0,1,1,2,2,1
909,2,0,1,2,0,0,0
910,2,0,1,2,0,1,0
911,2,0,1,2,0,2,1
912,2,0,1,2,1,0,0
913,2,0,1,2,1,1,1
914,2,0,1,2,1,2,1
915,2,0,1,2,2,0,0
916,2,0,1,2,2,1,1
917,2,0,1,2,2,2,1
918,2,0,2,0,0,0,0
919,2,0,2,0,0,1,0
920,2,0,2,0,0,2,0
921,2,0,2,0,1,0,0
922,2,0,2,0,1,1,0
923,2,0,2,0,1,2,0
924,2,0,2,0,2,0,0
925,2,0,2,0,2,1,0
926,2,0,2,0,2,2,0
927,2,0,2,1,0,0,0
928,2,0,2,1,0,1,0
929,2,0,2,1,0,2,1
930,2,0,2,1,1,0,0
931,2,0,2,1,1,1,1
932,2,0,2,1,1,2,1
933,2,0,2,1,2,0,0
934,2,0,2,1,2,1,1
935,2,0,2,1,2,2,1
936,2,0,2,2,0,0,0
937,2,0,2,2,0,1,0
938,2,0,2,2,0,2,1
939,2,0,2,2,1,0,0
940,2,0,2,2,1,1,1
941,2,0,2,2,1,2,1
942,2,0,2,2,2,0,0
943,2,0,2,2,2,1,1
944,2,0,2,2,2,2,1
945,2,0,3,0,0,0,0
946,2,0,3,0,0,1,0
947,2,0,3,0,0,2,0
948,2,0,3,0,1,0,0
949,2,0,3,0,1,1,0
950,2,0,3,0,1,2,0
951,2,0,3,0,2,0,0
952,2,0,3,0,2,1,0
953,2,0,3,0,2,2,0
954,2,0,3,1,0,0,0
955,2,0,3,1,0,1,0
956,2,0,3,1,0,2,1
957,2,0,3,1,1,0,0
958,2,0,3,1,1,1,1
959,2,0,3,1,1,2,1
960,2,0,3,1,2,0,0
961,2,0,3,1,2,1,1
962,2,0,3,1,2,2,1
963,2,0,3,2,0,0,0
964,2,0,3,2,0,1,0
965,2,0,3,2,0,2,1
966,2,0,3,2,1,0,0
967,2,0,3,2,1,1,1
968,2,0,3,2,1,2,1
969,2,0,3,2,2,0,0
970,2,0,3,2,2,1,1
971,2,0,3,2,2,2,1
972,2,1,0,0,0,0,0
973,2,1,0,0,0,1,0
974,2,1,0,0,0,2,0
975,2,1,0,0,1,0,0
976,2,1,0,0,1,1,0
977,2,1,0,0,1,2,0
978,2,1,0,0,2,0,0
979,2,1,0,0,2,1,0
980,2,1,0,0,2,2,0
981,2,1,0,1,0,0,0
982,2,1,0,1,0,1,0
983,2,1,0,1,0,2,1
984,2,1,0,1,1,0,0
985,2,1,0,1,1,1,0
986,2,1,0,1,1,2,1
987,2,1,0,1,2,0,0
988,2,1,0,1,2,1,1
989,2,1,0,1,2,2,1
990,2,1,0,2,0,0,0
991,2,1,0,2,0,1,0
992,2,1,0,2,0,2,0
993,2,1,0,2,1,0,0
994,2,1,0,2,1,1,0
995,2,1,0,2,1,2,1
996,2,1,0,2,2,0,0
997,2,1,0,2,2,1,1
998,2,1,0,2,2,2,1
999,2,1,1,0,0,0,0
1000,2,1,1,0,0,1,0
1001,2,1,1,0,0,2,0
1002,2,1,1,0,1,0,0
1003,2,1,1,0,1,1,0
1004,2,1,1,0,1,2,0
1005,2,1,1,0,2,0,0
1006,2,1,1,0,2,1,0
1007,2,1,1,0,2,2,0
1008,2,1,1,1,0,0,0
1009,2,1,1,1,0,1,0
1010,2,1,1,1,0,2,1
1011,2,1,1,1,1,0,0
1012,2,1,1,1,1,1,0
1013,2,1,1,1,1,2,1
1014,2,1,1,1,2,0,0
1015,2,1,1,1,2,1,1
1016,2,1,1,1,2,2,1
1017,2,1,1,2,0,0,0
1018,2,1,1,2,0,1,0
1019,2,1,1,2,0,2,1
1020,2,1,1,2,1,0,0
1021,2,1,1,2,1,1,1
1022,2,1,1,2,1,2,1
1023,2,1,1,2,2,0,0
1024,2,1,1,2,2,1,1
1025,2,1,1,2,2,2,1
1026,2,1,2,0,0,0,0
1027,2,1,2,0,0,1,0
1028,2,1,2,0,0,2,0
1029,2,1,2,0,1,0,0
1030,2,1,2,0,1,1,0
1031,2,1,2,0,1,2,0
1032,2,1,2,0,2,0,0
1033,2,1,2,0,2,1,0
1034,2,1,2,0,2,2,0
1035,2,1,2,1,0,0,0
1036,2,1,2,1,0,1,0
1037,2,1,2,1,0,2,1
1038,2,1,2,1,1,0,0
1039,2,1,2,1,1,1,1
1040,2,1,2,1,1,2,1
1041,2,1,2,1,2,0,0
1042,2,1,2,1,2,1,1
1043,2,1,2,1,2,2,1
1044,2,1,2,2,0,0,0
1045,2,1,2,2,0,1,0
1046,2,1,2,2,0,2,1
1047,2,1,2,2,1,0,0
1048,2,1,2,2,1,1,1
1049,2,1,2,2,1,2,1
1050,2,1,2,2,2,0,0
1051,2,1,2,2,2,1,1
1052,2,1,2,2,2,2,1
1053,2,1,3,0,0,0,0
1054,2,1,3,0,0,1,0
1055,2,1,3,0,0,2,0
1056,2,1,3,0,1,0,0
1057,2,1,3,0,1,1,0
1058,2,1,3,0,1,2,0
1059,2,1,3,0,2,0,0
1060,2,1,3,0,2,1,0
1061,2,1,3,0,2,2,0
1062,2,1,3,1,0,0,0
1063,2,1,3,1,0,1,0
1064,2,1,3,1,0,2,1
1065,2,1,3,1,1,0,0
1066,2,1,3,1,1,1,1
1067,2,1,3,1,1,2,1
1068,2,1,3,1,2,0,0
1069,2,1,3,1,2,1,1
1070,2,1,3,1,2,2,1
1071,2,1,3,2,0,0,0
1072,2,1,3,2,0,1,0
1073,2,1,3,2,0,2,1
1074,2,1,3,2,1,0,0
1075,2,1,3,2,1,1,1
1076,2,1,3,2,1,2,1
1077,2,1,3,2,2,0,0
1078,2,1,3,2,2,1,1
1079,2,1,3,2,2,2,1
1080,2,2,0,0,0,0,0
1081,2,2,0,0,0,1,0
1082,2,2,0,0,0,2,0
1083,2,2,0,0,1,0,0
1084,2,2,0,0,1,1,0
1085,2,2,0,0,1,2,0
1086,2,2,0,0,2,0,0
1087,2,2,0,0,2,1,0
1088,2,2,0,0,2,2,0
1089,2,2,0,1,0,0,0
1090,2,2,0,1,0,1,1
1091,2,2,0,1,0,2,1
1092,2,2,0,1,1,0,0
1093,2,2,0,1,1,1,1
1094,2,2,0,1,1,2,1
1095,2,2,0,1,2,0,0
1096,2,2,0,1,2,1,1
1097,2,2,0,1,2,2,3
1098,2,2,0,2,0,0,0
1099,2,2,0,2,0,1,0
1100,2,2,0,2,0,2,0
1101,2,2,0,2,1,0,0
1102,2,2,0,2,1,1,1
1103,2,2,0,2,1,2,1
1104,2,2,0,2,2,0,0
1105,2,2,0,2,2,1,1
1106,2,2,0,2,2,2,3
1107,2,2,1,0,0,0,0
1108,2,2,1,0,0,1,0
1109,2,2,1,0,0,2,0
1110,2,2,1,0,1,0,0
1111,2,2,1,0,1,1,0
1112,2,2,1,0,1,2,0
1113,2,2,1,0,2,0,0
1114,2,2,1,0,2,1,0
1115,2,2,1,0,2,2,0
1116,2,2,1,1,0,0,0
1117,2,2,1,1,0,1,1
1118,2,2,1,1,0,2,1
1119,2,2,1,1,1,0,0
1120,2,2,1,1,1,1,1
1121,2,2,1,1,1,2,1
1122,2,2,1,1,2,0,0
1123,2,2,1,1,2,1,1
1124,2,2,1,1,2,2,3
1125,2,2,1,2,0,0,0
1126,2,2,1,2,0,1,1
1127,2,2,1,2,0,2,1
1128,2,2,1,2,1,0,0
1129,2,2,1,2,1,1,1
1130,2,2,1,2,1,2,3
1131,2,2,1,2,2,0,0
1132,2,2,1,2,2,1,1
1133,2,2,1,2,2,2,3
1134,2,2,2,0,0,0,0
1135,2,2,2,0,0,1,0
1136,2,2,2,0,0,2,0
1137,2,2,2,0,1,0,0
1138,2,2,2,0,1,1,0
1139,2,2,2,0,1,2,0
1140,2,2,2,0,2,0,0
1141,2,2,2,0,2,1,0
1142,2,2,2,0,2,2,0
1143,2,2,2,1,0,0,0
1144,2,2,2,1,0,1,1
1145,2,2,2,1,0,2,1
1146,2,2,2,1,1,0,0
1147,2,2,2,1,1,1,1
1148,2,2,2,1,1,2,3
1149,2,2,2,1,2,0,0
1150,2,2,2,1,2,1,1
1151,2,2,2,1,2,2,3
1152,2,2,2,2,0,0,0
1153,2,2,2,2,0,1,1
1154,2,2,2,2,0,2,1
1155,2,2,2,2,1,0,0
1156,2,2,2,2,1,1,1
1157,2,2,2,2,1,2,3
1158,2,2,2,2,2,0,0
1159,2,2,2,2,2,1,1
1160,2,2,2,2,2,2,3
1161,2,2,3,0,0,0,0
1162,2,2,3,0,0,1,0
1163,2,2,3,0,0,2,0
1164,2,2,3,0,1,0,0
1165,2,2,3,0,1,1,0
1166,2,2,3,0,1,2,0
1167,2,2,3,0,2,0,0
1168,2,2,3,0,2,1,0
1169,2,2,3,0,2,2,0
1170,2,2,3,1,0,0,0
1171,2,2,3,1,0,1,1
1172,2,2,3,1,0,2,1
1173,2,2,3,1,1,0,0
1174,2,2,3,1,1,1,1
1175,2,2,3,1,1,2,3
1176,2,2,3,1,2,0,0
1177,2,2,3,1,2,1,1
1178,2,2,3,1,2,2,3
1179,2,2,3,2,0,0,0
1180,2,2,3,2,0,1,1
1181,2,2,3,2,0,2,1
1182,2,2,3,2,1,0,0
1183,2,2,3,2,1,1,1
1184,2,2,3,2,1,2,3
1185,2,2,3,2,2,0,0
1186,2,2,3,2,2,1,1
1187,2,2,3,2,2,2,3
1188,2,3,0,0,0,0,0
1189,2,3,0,0,0,1,0
1190,2,3,0,0,0,2,0
1191,2,3,0,0,1,0,0
1192,2,3,0,0,1,1,0
1193,2,3,0,0,1,2,0
1194,2,3,0,0,2,0,0
1195,2,3,0,0,2,1,0
1196,2,3,0,0,2,2,0
1197,2,3,0,1,0,0,0
1198,2,3,0,1,0,1,1
1199,2,3,0,1,0,2,2
1200,2,3,0,1,1,0,0
1201,2,3,0,1,1,1,1
1202,2,3,0,1,1,2,2
1203,2,3,0,1,2,0,0
1204,2,3,0,1,2,1,2
1205,2,3,0,1,2,2,3
1206,2,3,0,2,0,0,0
1207,2,3,0,2,0,1,0
1208,2,3,0,2,0,2,0
1209,2,3,0,2,1,0,0
1210,2,3,0,2,1,1,1
1211,2,3,0,2,1,2,2
1212,2,3,0,2,2,0,0
1213,2,3,0,2,2,1,2
1214,2,3,0,2,2,2,3
1215,2,3,1,0,0,0,0
1216,2,3,1,0,0,1,0
1217,2,3,1,0,0,2,0
1218,2,3,1,0,1,0,0
1219,2,3,1,0,1,1,0
1220,2,3,1,0,1,2,0
1221,2,3,1,0,2,0,0
1222,2,3,1,0,2,1,0
1223,2,3,1,0,2,2,0
1224,2,3,1,1,0,0,0
1225,2,3,1,1,0,1,1
1226,2,3,1,1,0,2,2
1227,2,3,1,1,1,0,0
1228,2,3,1,1,1,1,1
1229,2,3,1,1,1,2,2
1230,2,3,1,1,2,0,0
1231,2,3,1,1,2,1,2
1232,2,3,1,1,2,2,3
1233,2,3,1,2,0,0,0
1234,2,3,1,2,0,1,1
1235,2,3,1,2,0,2,2
1236,2,3,1,2,1,0,0
1237,2,3,1,2,1,1,2
1238,2,3,1,2,1,2,3
1239,2,3,1,2,2,0,0
1240,2,3,1,2,2,1,2
1241,2,3,1,2,2,2,3
1242,2,3,2,0,0,0,0
1243,2,3,2,0,0,1,0
1244,2,3,2,0,0,2,0
1245,2,3,2,0,1,0,0
1246,2,3,2,0,1,1,0
1247,2,3,2,0,1,2,0
1248,2,3,2,0,2,0,0
1249,2,3,2,0,2,1,0
1250,2,3,2,0,2,2,0
1251,2,3,2,1,0,0,0
1252,2,3,2,1,0,1,1
1253,2,3,2,1,0,2,2
1254,2,3,2,1,1,0,0
1255,2,3,2,1,1,1,2
1256,2,3,2,1,1,2,3
1257,2,3,2,1,2,0,0
1258,2,3,2,1,2,1,2
1259,2,3,2,1,2,2,3
1260,2,3,2,2,0,0,0
1261,2,3,2,2,0,1,1
1262,2,3,2,2,0,2,2
1263,2,3,2,2,1,0,0
1264,2,3,2,2,1,1,2
1265,2,3,2,2,1,2,3
1266,2,3,2,2,2,0,0
1267,2,3,2,2,2,1,2
1268,2,3,2,2,2,2,3
1269,2,3,3,0,0,0,0
1270,2,3,3,0,0,1,0
1271,2,3,3,0,0,2,0
1272,2,3,3,0,1,0,0
1273,2,3,3,0,1,1,0
1274,2,3,3,0,1,2,0
1275,2,3,3,0,2,0,0
1276,2,3,3,0,2,1,0
1277,2,3,3,0,2,2,0
1278,2,3,3,1,0,0,0
1279,2,3,3,1,0,1,1
1280,2,3,3,1,0,2,2
1281,2,3,3,1,1,0,0
1282,2,3,3,1,1,1,2
1283,2,3,3,1,1,2,3
1284,2,3,3,1,2,0,0
1285,2,3,3,1,2,1,2
1286,2,3,3,1,2,2,3
1287,2,3,3,2,0,0,0
1288,2,3,3,2,0,1,1
1289,2,3,3,2,0,2,2
1290,2,3,3,2,1,0,0
1291,2,3,3,2,1,1,2
1292,2,3,3,2,1,2,3
1293,2,3,3,2,2,0,0
1294,2,3,3,2,2,1,2
1295,2,3,3,2,2,2,3
1296,3,0,0,0,0,0,0
1297,3,0,0,0,0,1,0
1298,3,0,0,0,0,2,0
1299,3,0,0,0,1,0,0
1300,3,0,0,0,1,1,0
1301,3,0,0,0,1,2,0
1302,3,0,0,0,2,0,0
1303,3,0,0,0,2,1,0
1304,3,0,0,0,2,2,0
1305,3,0,0,1,0,0,0
1306,3,0,0,1,0,1,0
1307,3,0,0,1,0,2,1
1308,3,0,0,1,1,0,0
1309,3,0,0,1,1,1,0
1310,3,0,0,1,1,2,1
1311,3,0,0,1,2,0,0
1312,3,0,0,1,2,1,1
1313,3,0,0,1,2,2,1
1314,3,0,0,2,0,0,0
1315,3,0,0,2,0,1,0
1316,3,0,0,2,0,2,0
1317,3,0,0,2,1,0,0
1318,3,0,0,2,1,1,0
1319,3,0,0,2,1,2,1
1320,3,0,0,2,2,0,0
1321,3,0,0,2,2,1,1
1322,3,0,0,2,2,2,1
1323,3,0,1,0,0,0,0
1324,3,0,1,0,0,1,0
1325,3,0,1,0,0,2,0
1326,3,0,1,0,1,0,0
1327,3,0,1,0,1,1,0
1328,3,0,1,0,1,2,0
1329,3,0,1,0,2,0,0
1330,3,0,1,0,2,1,0
1331,3,0,1,0,2,2,0
1332,3,0,1,1,0,0,0
1333,3,0,1,1,0,1,0
1334,3,0,1,1,0,2,1
1335,3,0,1,1,1,0,0
1336,3,0,1,1,1,1,0
1337,3,0,1,1,1,2,1
1338,3,0,1,1,2,0,0
1339,3,0,1,1,2,1,1
1340,3,0,1,1,2,2,1
1341,3,0,1,2,0,0,0
1342,3,0,1,2,0,1,0
1343,3,0,1,2,0,2,1
1344,3,0,1,2,1,0,0
1345,3,0,1,2,1,1,1
1346,3,0,1,2,1,2,1
1347,3,0,1,2,2,0,0
1348,3,0,1,2,2,1,1
1349,3,0,1,2,2,2,1
1350,3,0,2,0,0,0,0
1351,3,0,2,0,0,1,0
1352,3,0,2,0,0,2,0
1353,3,0,2,0,1,0,0
1354,3,0,2,0,1,1,0
1355,3,0,2,0,1,2,0
1356,3,0,2,0,2,0,0
1357,3,0,2,0,2,1,0
1358,3,0,2,0,2,2,0
1359,3,0,2,1,0,0,0
1360,3,0,2,1,0,1,0
1361,3,0,2,1,0,2,1
1362,3,0,2,1,1,0,0
1363,3,0,2,1,1,1,1
1364,3,0,2,1,1,2,1
1365,3,0,2,1,2,0,0
1366,3,0,2,1,2,1,1
1367,3,0,2,1,2,2,1
1368,3,0,2,2,0,0,0
1369,3,0,2,2,0,1,0
1370,3,0,2,2,0,2,1
1371,3,0,2,2,1,0,0
1372,3,0,2,2,1,1,1
1373,3,0,2,2,1,2,1
1374,3,0,2,2,2,0,0
1375,3,0,2,2,2,1,1
1376,3,0,2,2,2,2,1
1377,3,0,3,0,0,0,0
1378,3,0,3,0,0,1,0
1379,3,0,3,0,0,2,0
1380,3,0,3,0,1,0,0
1381,3,0,3,0,1,1,0
1382,3,0,3,0,1,2,0
1383,3,0,3,0,2,0,0
1384,3,0,3,0,2,1,0
1385,3,0,3,0,2,2,0
1386,3,0,3,1,0,0,0
1387,3,0,3,1,0,1,0
1388,3,0,3,1,0,2,1
1389,3,0,3,1,1,0,0
1390,3,0,3,1,1,1,1
1391,3,0,3,1,1,2,1
1392,3,0,3,1,2,0,0
1393,3,0,3,1,2,1,1
1394,3,0,3,1,2,2,1
1395,3,0,3,2,0,0,0
1396,3,0,3,2,0,1,0
1397,3,0,3,2,0,2,1
1398,3,0,3,2,1,0,0
1399,3,0,3,2,1,1,1
1400,3,0,3,2,1,2,1
1401,3,0,3,2,2,0,0
1402,3,0,3,2,2,1,1
1403,3,0,3,2,2,2,1
1404,3,1,0,0,0,0,0
1405,3,1,0,0,0,1,0
1406,3,1,0,0,0,2,0
1407,3,1,0,0,1,0,0
1408,3,1,0,0,1,1,0
1409,3,1,0,0,1,2,0
1410,3,1,0,0,2,0,0
1411,3,1,0,0,2,1,0
1412,3,1,0,0,2,2,0
1413,3,1,0,1,0,0,0
1414,3,1,0,1,0,1,1
1415,3,1,0,1,0,2,1
1416,3,1,0,1,1,0,0
1417,3,1,0,1,1,1,1
1418,3,1,0,1,1,2,1
1419,3,1,0,1,2,0,0
1420,3,1,0,1,2,1,1
1421,3,1,0,1,2,2,3
1422,3,1,0,2,0,0,0
1423,3,1,0,2,0,1,0
1424,3,1,0,2,0,2,0
1425,3,1,0,2,1,0,0
1426,3,1,0,2,1,1,1
1427,3,1,0,2,1,2,1
1428,3,1,0,2,2,0,0
1429,3,1,0,2,2,1,1
1430,3,1,0,2,2,2,3
1431,3,1,1,0,0,0,0
1432,3,1,1,0,0,1,0
1433,3,1,1,0,0,2,0
1434,3,1,1,0,1,0,0
1435,3,1,1,0,1,1,0
1436,3,1,1,0,1,2,0
1437,3,1,1,0,2,0,0
1438,3,1,1,0,2,1,0
1439,3,1,1,0,2,2,0
1440,3,1,1,1,0,0,0
1441,3,1,1,1,0,1,1
1442,3,1,1,1,0,2,1
1443,3,1,1,1,1,0,0
1444,3,1,1,1,1,1,1
1445,3,1,1,1,1,2,1
1446,3,1,1,1,2,0,0
1447,3,1,1,1,2,1,1
1448,3,1,1,1,2,2,3
1449,3,1,1,2,0,0,0
1450,3,1,1,2,0,1,1
1451,3,1,1,2,0,2,1
1452,3,1,1,2,1,0,0
1453,3,1,1,2,1,1,1
1454,3,1,1,2,1,2,3
1455,3,1,1,2,2,0,0
1456,3,1,1,2,2,1,1
1457,3,1,1,2,2,2,3
1458,3,1,2,0,0,0,0
1459,3,1,2,0,0,1,0
1460,3,1,2,0,0,2,0
1461,3,1,2,0,1,0,0
1462,3,1,2,0,1,1,0
1463,3,1,2,0,1,2,0
1464,3,1,2,0,2,0,0
1465,3,1,2,0,2,1,0
1466,3,1,2,0,2,2,0
1467,3,1,2,1,0,0,0
1468,3,1,2,1,0,1,1
1469,3,1,2,1,0,2,1
1470,3,1,2,1,1,0,0
1471,3,1,2,1,1,1,1
1472,3,1,2,1,1,2,3
1473,3,1,2,1,2,0,0
1474,3,1,2,1,2,1,1
1475,3,1,2,1,2,2,3
1476,3,1,2,2,0,0,0
1477,3,1,2,2,0,1,1
1478,3,1,2,2,0,2,1
1479,3,1,2,2,1,0,0
1480,3,1,2,2,1,1,1
1481,3,1,2,2,1,2,3
1482,3,1,2,2,2,0,0
1483,3,1,2,2,2,1,1
1484,3,1,2,2,2,2,3
1485,3,1,3,0,0,0,0
1486,3,1,3,0,0,1,0
1487,3,1,3,0,0,2,0
1488,3,1,3,0,1,0,0
1489,3,1,3,0,1,1,0
1490,3,1,3,0,1,2,0
1491,3,1,3,0,2,0,0
1492,3,1,3,0,2,1,0
1493,3,1,3,0,2,2,0
1494,3,1,3,1,0,0,0
1495,3,1,3,1,0,1,1
1496,3,1,3,1,0,2,1
1497,3,1,3,1,1,0,0
1498,3,1,3,1,1,1,1
1499,3,1,3,1,1,2,3
1500,3,1,3,1,2,0,0
1501,3,1,3,1,2,1,1
1502,3,1,3,1,2,2,3
1503,3,1,3,2,0,0,0
1504,3,1,3,2,0,1,1
1505,3,1,3,2,0,2,1
1506,3,1,3,2,1,0,0
1507,3,1,3,2,1,1,1
1508,3,1,3,2,1,2,3
1509,3,1,3,2,2,0,0
1510,3,1,3,2,2,1,1
1511,3,1,3,2,2,2,3
1512,3,2,0,0,0,0,0
1513,3,2,0,0,0,1,0
1514,3,2,0,0,0,2,0
1515,3,2,0,0,1,0,0
1516,3,2,0,0,1,1,0
1517,3,2,0,0,1,2,0
1518,3,2,0,0,2,0,0
1519,3,2,0,0,2,1,0
1520,3,2,0,0,2,2,0
1521,3,2,0,1,0,0,0
1522,3,2,0,1,0,1,1
1523,3,2,0,1,0,2,2
1524,3,2,0,1,1,0,0
1525,3,2,0,1,1,1,1
1526,3,2,0,1,1,2,2
1527,3,2,0,1,2,0,0
1528,3,2,0,1,2,1,2
1529,3,2,0,1,2,2,3
1530,3,2,0,2,0,0,0
1531,3,2,0,2,0,1,0
1532,3,2,0,2,0,2,0
1533,3,2,0,2,1,0,0
1534,3,2,0,2,1,1,1
1535,3,2,0,2,1,2,2
1536,3,2,0,2,2,0,0
1537,3,2,0,2,2,1,2
1538,3,2,0,2,2,2,3
1539,3,2,1,0,0,0,0
1540,3,2,1,0,0,1,0
1541,3,2,1,0,0,2,0
1542,3,2,1,0,1,0,0
1543,3,2,1,0,1,1,0
1544,3,2,1,0,1,2,0
1545,3,2,1,0,2,0,0
1546,3,2,1,0,2,1,0
1547,3,2,1,0,2,2,0
1548,3,2,1,1,0,0,0
1549,3,2,1,1,0,1,1
1550,3,2,1,1,0,2,2
1551,3,2,1,1,1,0,0
1552,3,2,1,1,1,1,1
1553,3,2,1,1,1,2,2
1554,3,2,1,1,2,0,0
1555,3,2,1,1,2,1,2
1556,3,2,1,1,2,2,3
1557,3,2,1,2,0,0,0
1558,3,2,1,2,0,1,1
1559,3,2,1,2,0,2,2
1560,3,2,1,2,1,0,0
1561,3,2,1,2,1,1,2
1562,3,2,1,2,1,2,3
1563,3,2,1,2,2,0,0
1564,3,2,1,2,2,1,2
1565,3,2,1,2,2,2,3
1566,3,2,2,0,0,0,0
1567,3,2,2,0,0,1,0
1568,3,2,2,0,0,2,0
1569,3,2,2,0,1,0,0
1570,3,2,2,0,1,1,0
1571,3,2,2,0,1,2,0
1572,3,2,2,0,2,0,0
1573,3,2,2,0,2,1,0
1574,3,2,2,0,2,2,0
1575,3,2,2,1,0,0,0
1576,3,2,2,1,0,1,1
1577,3,2,2,1,0,2,2
1578,3,2,2,1,1,0,0
1579,3,2,2,1,1,1,2
1580,3,2,2,1,1,2,3
1581,3,2,2,1,2,0,0
1582,3,2,2,1,2,1,2
1583,3,2,2,1,2,2,3
1584,3,2,2,2,0,0,0
1585,3,2,2,2,0,1,1
1586,3,2,2,2,0,2,2
1587,3,2,2,2,1,0,0
1588,3,2,2,2,1,1,2
1589,3,2,2,2,1,2,3
1590,3,2,2,2,2,0,0
1591,3,2,2,2,2,1,2
1592,3,2,2,2,2,2,3
1593,3,2,3,0,0,0,0
1594,3,2,3,0,0,1,0
1595,3,2,3,0,0,2,0
1596,3,2,3,0,1,0,0
1597,3,2,3,0,1,1,0
1598,3,2,3,0,1,2,0
1599,3,2,3,0,2,0,0
1600,3,2,3,0,2,1,0
1601,3,2,3,0,2,2,0
1602,3,2,3,1,0,0,0
1603,3,2,3,1,0,1,1
1604,3,2,3,1,0,2,2
1605,3,2,3,1,1,0,0
1606,3,2,3,1,1,1,2
1607,3,2,3,1,1,2,3
1608,3,2,3,1,2,0,0
1609,3,2,3,1,2,1,2
1610,3,2,3,1,2,2,3
1611,3,2,3,2,0,0,0
1612,3,2,3,2,0,1,1
1613,3,2,3,2,0,2,2
1614,3,2,3,2,1,0,0
1615,3,2,3,2,1,1,2
1616,3,2,3,2,1,2,3
1617,3,2,3,2,2,0,0
1618,3,2,3,2,2,1,2
1619,3,2,3,2,2,2,3
1620,3,3,0,0,0,0,0
1621,3,3,0,0,0,1,0
1622,3,3,0,0,0,2,0
1623,3,3,0,0,1,0,0
1624,3,3,0,0,1,1,0
1625,3,3,0,0,1,2,0
1626,3,3,0,0,2,0,0
1627,3,3,0,0,2,1,0
1628,3,3,0,0,2,2,0
1629,3,3,0,1,0,0,0
1630,3,3,0,1,0,1,1
1631,3,3,0,1,0,2,2
1632,3,3,0,1,1,0,0
1633,3,3,0,1,1,1,1
1634,3,3,0,1,1,2,2
1635,3,3,0,1,2,0,0
1636,3,3,0,1,2,1,2
1637,3,3,0,1,2,2,3
1638,3,3,0,2,0,0,0
1639,3,3,0,2,0,1,0
1640,3,3,0,2,0,2,0
1641,3,3,0,2,1,0,0
1642,3,3,0,2,1,1,1
1643,3,3,0,2,1,2,2
1644,3,3,0,2,2,0,0
1645,3,3,0,2,2,1,2
1646,3,3,0,2,2,2,3
1647,3,3,1,0,0,0,0
1648,3,3,1,0,0,1,0
1649,3,3,1,0,0,2,0
1650,3,3,1,0,1,0,0
1651,3,3,1,0,1,1,0
1652,3,3,1,0,1,2,0
1653,3,3,1,0,2,0,0
1654,3,3,1,0,2,1,0
1655,3,3,1,0,2,2,0
1656,3,3,1,1,0,0,0
1657,3,3,1,1,0,1,1
1658,3,3,1,1,0,2,2
1659,3,3,1,1,1,0,0
1660,3,3,1,1,1,1,1
1661,3,3,1,1,1,2,2
1662,3,3,1,1,2,0,0
1663,3,3,1,1,2,1,2
1664,3,3,1,1,2,2,3
1665,3,3,1,2,0,0,0
1666,3,3,1,2,0,1,1
1667,3,3,1,2,0,2,2
1668,3,3,1,2,1,0,0
1669,3,3,1,2,1,1,2
1670,3,3,1,2,1,2,3
1671,3,3,1,2,2,0,0
1672,3,3,1,2,2,1,2
1673,3,3,1,2,2,2,3
1674,3,3,2,0,0,0,0
1675,3,3,2,0,0,1,0
1676,3,3,2,0,0,2,0
1677,3,3,2,0,1,0,0
1678,3,3,2,0,1,1,0
1679,3,3,2,0,1,2,0
1680,3,3,2,0,2,0,0
1681,3,3,2,0,2,1,0
1682,3,3,2,0,2,2,0
1683,3,3,2,1,0,0,0
1684,3,3,2,1,0,1,1
1685,3,3,2,1,0,2,2
1686,3,3,2,1,1,0,0
1687,3,3,2,1,1,1,2
1688,3,3,2,1,1,2,3
1689,3,3,2,1,2,0,0
1690,3,3,2,1,2,1,2
1691,3,3,2,1,2,2,3
1692,3,3,2,2,0,0,0
1693,3,3,2,2,0,1,1
1694,3,3,2,2,0,2,2
1695,3,3,2,2,1,0,0
1696,3,3,2,2,1,1,2
1697,3,3,2,2,1,2,3
1698,3,3,2,2,2,0,0
1699,3,3,2,2,2,1,2
1700,3,3,2,2,2,2,3
1701,3,3,3,0,0,0,0
1702,3,3,3,0,0,1,0
1703,3,3,3,0,0,2,0
1704,3,3,3,0,1,0,0
1705,3,3,3,0,1,1,0
1706,3,3,3,0,1,2,0
1707,3,3,3,0,2,0,0
1708,3,3,3,0,2,1,0
1709,3,3,3,0,2,2,0
1710,3,3,3,1,0,0,0
1711,3,3,3,1,0,1,1
1712,3,3,3,1,0,2,2
1713,3,3,3,1,1,0,0
1714,3,3,3,1,1,1,2
1715,3,3,3,1,1,2,3
1716,3,3,3,1,2,0,0
1717,3,3,3,1,2,1,2
1718,3,3,3,1,2,2,3
1719,3,3,3,2,0,0,0
1720,3,3,3,2,0,1,1
1721,3,3,3,2,0,2,2
1722,3,3,3,2,1,0,0
1723,3,3,3,2,1,1,2
1724,3,3,3,2,1,2,3
1725,3,3,3,2,2,0,0
1726,3,3,3,2,2,1,2
1727,3,3,3,2,2,2,3
