TOP-LEFT-SQUARE,TOP-MIDDLE-SQUARE,TOP-RIGHT-SQUARE,MIDDLE-LEFT-SQUARE,MIDDLE-MIDDLE-SQUARE,MIDDLE-RIGHT-SQUARE,BOTTOM-LEFT-SQUARE,BOTTOM-MIDDLE-SQUARE,BOTTOM-RIGHT-SQUARE,CLASS
0,0,0,0,0,1,1,0,1,1,1
1,0,0,0,0,1,1,1,0,1,1
2,0,0,0,0,1,1,1,1,0,1
3,0,0,0,0,1,1,1,2,2,1
4,0,0,0,0,1,1,2,1,2,1
5,0,0,0,0,1,1,2,2,1,1
6,0,0,0,0,1,2,1,1,2,1
7,0,0,0,0,1,2,1,2,1,1
8,0,0,0,0,1,2,2,1,1,1
9,0,0,0,0,2,1,1,1,2,1
10,0,0,0,0,2,1,1,2,1,1
11,0,0,0,0,2,1,2,1,1,1
12,0,0,0,1,0,1,0,1,1,1
13,0,0,0,1,0,1,1,0,1,1
14,0,0,0,1,0,1,1,1,0,1
15,0,0,0,1,0,1,1,2,2,1
16,0,0,0,1,0,1,2,1,2,1
17,0,0,0,1,0,1,2,2,1,1
18,0,0,0,1,0,2,1,1,2,1
19,0,0,0,1,0,2,1,2,1,1
20,0,0,0,1,0,2,2,1,1,1
21,0,0,0,1,1,0,0,1,1,1
22,0,0,0,1,1,0,1,0,1,1
23,0,0,0,1,1,0,1,1,0,1
24,0,0,0,1,1,0,1,2,2,1
25,0,0,0,1,1,0,2,1,2,1
26,0,0,0,1,1,0,2,2,1,1
27,0,0,0,1,1,2,0,1,2,1
28,0,0,0,1,1,2,0,2,1,1
29,0,0,0,1,1,2,1,0,2,1
30,0,0,0,1,1,2,1,2,0,1
31,0,0,0,1,1,2,2,0,1,1
32,0,0,0,1,1,2,2,1,0,1
33,0,0,0,1,1,2,2,2,2,1
34,0,0,0,1,2,0,1,1,2,1
35,0,0,0,1,2,0,1,2,1,1
36,0,0,0,1,2,0,2,1,1,1
37,0,0,0,1,2,1,0,1,2,1
38,0,0,0,1,2,1,0,2,1,1
39,0,0,0,1,2,1,1,0,2,1
40,0,0,0,1,2,1,1,2,0,1
41,0,0,0,1,2,1,2,0,1,1
42,0,0,0,1,2,1,2,1,0,1
43,0,0,0,1,2,1,2,2,2,1
44,0,0,0,1,2,2,0,1,1,1
45,0,0,0,1,2,2,1,0,1,1
46,0,0,0,1,2,2,1,1,0,1
47,0,0,0,1,2,2,1,2,2,1
48,0,0,0,1,2,2,2,1,2,1
49,0,0,0,1,2,2,2,2,1,1
50,0,0,0,2,0,1,1,1,2,1
51,0,0,0,2,0,1,1,2,1,1
52,0,0,0,2,0,1,2,1,1,1
53,0,0,0,2,1,0,1,1,2,1
54,0,0,0,2,1,0,1,2,1,1
55,0,0,0,2,1,0,2,1,1,1
56,0,0,0,2,1,1,0,1,2,1
57,0,0,0,2,1,1,0,2,1,1
58,0,0,0,2,1,1,1,0,2,1
59,0,0,0,2,1,1,1,2,0,1
60,0,0,0,2,1,1,2,0,1,1
61,0,0,0,2,1,1,2,1,0,1
62,0,0,0,2,1,1,2,2,2,1
63,0,0,0,2,1,2,0,1,1,1
64,0,0,0,2,1,2,1,0,1,1
65,0,0,0,2,1,2,1,1,0,1
66,0,0,0,2,1,2,1,2,2,1
67,0,0,0,2,1,2,2,1,2,1
68,0,0,0,2,1,2,2,2,1,1
69,0,0,0,2,2,1,0,1,1,1
70,0,0,0,2,2,1,1,0,1,1
71,0,0,0,2,2,1,1,1,0,1
72,0,0,0,2,2,1,1,2,2,1
73,0,0,0,2,2,1,2,1,2,1
74,0,0,0,2,2,1,2,2,1,1
75,0,0,0,2,2,2,1,1,2,1
76,0,0,0,2,2,2,1,2,1,1
77,0,0,0,2,2,2,2,1,1,1
78,0,0,1,0,0,1,1,1,0,1
79,0,0,1,0,1,0,0,1,1,1
80,0,0,1,0,1,1,0,1,0,1
81,0,0,1,0,1,1,0,2,2,1
82,0,0,1,0,1,2,0,1,2,1
83,0,0,1,0,1,2,0,2,1,1
84,0,0,1,0,2,1,0,1,2,1
85,0,0,1,0,2,2,0,1,1,1
86,0,0,1,1,0,0,1,0,1,1
87,0,0,1,1,0,0,1,1,0,1
88,0,0,1,1,0,1,0,1,0,1
89,0,0,1,1,0,1,1,0,0,1
90,0,0,1,1,0,1,2,0,2,1
91,0,0,1,1,0,1,2,2,0,1
92,0,0,1,1,0,2,1,0,2,1
93,0,0,1,1,0,2,1,2,0,1
94,0,0,1,1,0,2,2,0,1,1
95,0,0,1,1,0,2,2,1,0,1
96,0,0,1,2,0,1,1,0,2,1
97,0,0,1,2,0,1,1,2,0,1
98,0,0,1,2,0,1,2,1,0,1
99,0,0,1,2,0,2,1,0,1,1
100,0,0,1,2,0,2,1,1,0,1
101,0,0,2,0,1,1,0,1,2,1
102,0,0,2,0,1,1,0,2,1,1
103,0,0,2,0,1,2,0,1,1,1
104,0,0,2,0,2,1,0,1,1,1
105,0,0,2,1,0,1,1,0,2,1
106,0,0,2,1,0,1,1,2,0,1
107,0,0,2,1,0,1,2,0,1,1
108,0,0,2,1,0,1,2,1,0,1
109,0,0,2,1,0,2,1,0,1,1
110,0,0,2,1,0,2,1,1,0,1
111,0,0,2,2,0,1,1,0,1,1
112,0,0,2,2,0,1,1,1,0,1
113,0,1,0,0,0,1,0,1,1,1
114,0,1,0,0,0,1,1,1,0,1
115,0,1,0,0,1,1,0,0,1,1
116,0,1,0,0,1,1,0,2,2,1
117,0,1,0,0,1,2,0,2,1,1
118,0,1,0,0,2,1,0,1,2,1
119,0,1,0,0,2,1,0,2,1,1
120,0,1,0,0,2,2,0,1,1,1
121,0,1,0,1,0,0,0,1,1,1
122,0,1,0,1,0,0,1,1,0,1
123,0,1,0,1,0,1,0,0,1,1
124,0,1,0,1,0,1,0,1,0,1
125,0,1,0,1,0,1,0,2,2,1
126,0,1,0,1,0,1,1,0,0,1
127,0,1,0,1,0,1,2,2,0,1
128,0,1,0,1,0,2,0,1,2,1
129,0,1,0,1,0,2,0,2,1,1
130,0,1,0,1,0,2,1,2,0,1
131,0,1,0,1,0,2,2,1,0,1
132,0,1,0,1,1,0,1,0,0,1
133,0,1,0,1,1,0,2,2,0,1
134,0,1,0,1,2,0,1,2,0,1
135,0,1,0,1,2,0,2,1,0,1
136,0,1,0,2,0,1,0,1,2,1
137,0,1,0,2,0,1,0,2,1,1
138,0,1,0,2,0,1,1,2,0,1
139,0,1,0,2,0,1,2,1,0,1
140,0,1,0,2,0,2,0,1,1,1
141,0,1,0,2,0,2,1,1,0,1
142,0,1,0,2,1,0,1,2,0,1
143,0,1,0,2,2,0,1,1,0,1
144,0,1,1,0,0,0,0,1,1,1
145,0,1,1,0,0,0,1,0,1,1
146,0,1,1,0,0,0,1,1,0,1
147,0,1,1,0,0,0,1,2,2,1
148,0,1,1,0,0,0,2,1,2,1
149,0,1,1,0,0,0,2,2,1,1
150,0,1,1,0,0,1,0,1,0,1
151,0,1,1,0,0,1,0,2,2,1
152,0,1,1,0,0,1,1,0,0,1
153,0,1,1,0,0,1,2,2,0,1
154,0,1,1,0,0,2,0,1,2,1
155,0,1,1,0,0,2,0,2,1,1
156,0,1,1,0,0,2,1,2,0,1
157,0,1,1,0,0,2,2,1,0,1
158,0,1,1,0,1,0,0,0,1,1
159,0,1,1,0,1,0,0,2,2,1
160,0,1,1,0,1,1,0,0,0,1
161,0,1,1,0,1,2,0,0,2,1
162,0,1,1,0,1,2,0,2,0,1
163,0,1,1,0,2,0,0,1,2,1
164,0,1,1,0,2,0,0,2,1,1
165,0,1,1,0,2,1,0,0,2,1
166,0,1,1,0,2,1,0,2,0,1
167,0,1,1,0,2,2,0,0,1,1
168,0,1,1,0,2,2,0,1,0,1
169,0,1,1,0,2,2,0,2,2,1
170,0,1,1,1,0,0,0,1,0,1
171,0,1,1,1,0,0,1,0,0,1
172,0,1,1,1,0,0,2,2,0,1
173,0,1,1,1,0,1,0,0,0,1
174,0,1,1,1,0,2,0,2,0,1
175,0,1,1,1,0,2,2,0,0,1
176,0,1,1,1,1,0,0,0,0,1
177,0,1,1,1,2,2,0,0,0,1
178,0,1,1,2,0,0,1,2,0,1
179,0,1,1,2,0,0,2,1,0,1
180,0,1,1,2,0,1,0,2,0,1
181,0,1,1,2,0,1,2,0,0,1
182,0,1,1,2,0,2,0,1,0,1
183,0,1,1,2,0,2,1,0,0,1
184,0,1,1,2,0,2,2,2,0,1
185,0,1,1,2,1,2,0,0,0,1
186,0,1,1,2,2,1,0,0,0,1
187,0,1,2,0,0,0,1,1,2,1
188,0,1,2,0,0,0,1,2,1,1
189,0,1,2,0,0,0,2,1,1,1
190,0,1,2,0,0,1,0,1,2,1
191,0,1,2,0,0,1,0,2,1,1
192,0,1,2,0,0,1,1,2,0,1
193,0,1,2,0,0,1,2,1,0,1
194,0,1,2,0,0,2,0,1,1,1
195,0,1,2,0,0,2,1,1,0,1
196,0,1,2,0,1,0,0,2,1,1
197,0,1,2,0,1,1,0,0,2,1
198,0,1,2,0,1,1,0,2,0,1
199,0,1,2,0,1,2,0,0,1,1
200,0,1,2,0,1,2,0,2,2,1
201,0,1,2,0,2,0,0,1,1,1
202,0,1,2,0,2,1,0,0,1,1
203,0,1,2,0,2,1,0,1,0,1
204,0,1,2,0,2,1,0,2,2,1
205,0,1,2,0,2,2,0,1,2,1
206,0,1,2,0,2,2,0,2,1,1
207,0,1,2,1,0,0,1,2,0,1
208,0,1,2,1,0,0,2,1,0,1
209,0,1,2,1,0,1,0,2,0,1
210,0,1,2,1,0,1,2,0,0,1
211,0,1,2,1,0,2,0,1,0,1
212,0,1,2,1,0,2,1,0,0,1
213,0,1,2,1,0,2,2,2,0,1
214,0,1,2,1,1,2,0,0,0,1
215,0,1,2,1,2,1,0,0,0,1
216,0,1,2,2,0,0,1,1,0,1
217,0,1,2,2,0,1,0,1,0,1
218,0,1,2,2,0,1,1,0,0,1
219,0,1,2,2,0,1,2,2,0,1
220,0,1,2,2,0,2,1,2,0,1
221,0,1,2,2,0,2,2,1,0,1
222,0,1,2,2,1,1,0,0,0,1
223,0,2,0,0,1,1,0,1,2,1
224,0,2,0,0,1,1,0,2,1,1
225,0,2,0,0,1,2,0,1,1,1
226,0,2,0,0,2,1,0,1,1,1
227,0,2,0,1,0,1,0,1,2,1
228,0,2,0,1,0,1,0,2,1,1
229,0,2,0,1,0,1,1,2,0,1
230,0,2,0,1,0,1,2,1,0,1
231,0,2,0,1,0,2,0,1,1,1
232,0,2,0,1,0,2,1,1,0,1
233,0,2,0,1,1,0,1,2,0,1
234,0,2,0,1,1,0,2,1,0,1
235,0,2,0,1,2,0,1,1,0,1
236,0,2,0,2,0,1,0,1,1,1
237,0,2,0,2,0,1,1,1,0,1
238,0,2,0,2,1,0,1,1,0,1
239,0,2,1,0,0,0,1,1,2,1
240,0,2,1,0,0,0,1,2,1,1
241,0,2,1,0,0,0,2,1,1,1
242,0,2,1,0,0,1,0,1,2,1
243,0,2,1,0,0,1,1,2,0,1
244,0,2,1,0,0,1,2,1,0,1
245,0,2,1,0,0,2,0,1,1,1
246,0,2,1,0,0,2,1,1,0,1
247,0,2,1,0,1,0,0,1,2,1
248,0,2,1,0,1,0,0,2,1,1
249,0,2,1,0,1,1,0,0,2,1
250,0,2,1,0,1,1,0,2,0,1
251,0,2,1,0,1,2,0,0,1,1
252,0,2,1,0,1,2,0,1,0,1
253,0,2,1,0,1,2,0,2,2,1
254,0,2,1,0,2,0,0,1,1,1
255,0,2,1,0,2,1,0,1,0,1
256,0,2,1,0,2,1,0,2,2,1
257,0,2,1,0,2,2,0,1,2,1
258,0,2,1,0,2,2,0,2,1,1
259,0,2,1,1,0,0,1,2,0,1
260,0,2,1,1,0,0,2,1,0,1
261,0,2,1,1,0,1,0,2,0,1
262,0,2,1,1,0,1,2,0,0,1
263,0,2,1,1,0,2,0,1,0,1
264,0,2,1,1,0,2,1,0,0,1
265,0,2,1,1,0,2,2,2,0,1
266,0,2,1,1,1,2,0,0,0,1
267,0,2,1,1,2,1,0,0,0,1
268,0,2,1,2,0,0,1,1,0,1
269,0,2,1,2,0,1,0,1,0,1
270,0,2,1,2,0,1,1,0,0,1
271,0,2,1,2,0,1,2,2,0,1
272,0,2,1,2,0,2,1,2,0,1
273,0,2,1,2,0,2,2,1,0,1
274,0,2,1,2,1,1,0,0,0,1
275,0,2,2,0,0,1,0,1,1,1
276,0,2,2,0,0,1,1,1,0,1
277,0,2,2,0,1,0,0,1,1,1
278,0,2,2,0,1,1,0,0,1,1
279,0,2,2,0,1,1,0,1,0,1
280,0,2,2,0,1,1,0,2,2,1
281,0,2,2,0,1,2,0,1,2,1
282,0,2,2,0,1,2,0,2,1,1
283,0,2,2,0,2,1,0,1,2,1
284,0,2,2,0,2,1,0,2,1,1
285,0,2,2,0,2,2,0,1,1,1
286,0,2,2,1,0,0,1,1,0,1
287,0,2,2,1,0,1,0,1,0,1
288,0,2,2,1,0,1,1,0,0,1
289,0,2,2,1,0,1,2,2,0,1
290,0,2,2,1,0,2,1,2,0,1
291,0,2,2,1,0,2,2,1,0,1
292,0,2,2,2,0,1,1,2,0,1
293,0,2,2,2,0,1,2,1,0,1
294,0,2,2,2,0,2,1,1,0,1
295,1,0,0,0,0,1,0,1,1,1
296,1,0,0,0,0,1,1,0,1,1
297,1,0,0,0,1,0,1,1,0,1
298,1,0,0,1,0,0,0,1,1,1
299,1,0,0,1,0,1,0,0,1,1
300,1,0,0,1,0,1,0,1,0,1
301,1,0,0,1,0,1,0,2,2,1
302,1,0,0,1,0,1,2,0,2,1
303,1,0,0,1,0,2,0,1,2,1
304,1,0,0,1,0,2,0,2,1,1
305,1,0,0,1,0,2,2,0,1,1
306,1,0,0,1,1,0,0,1,0,1
307,1,0,0,1,1,0,2,2,0,1
308,1,0,0,1,2,0,2,1,0,1
309,1,0,0,2,0,1,0,1,2,1
310,1,0,0,2,0,1,0,2,1,1
311,1,0,0,2,0,1,1,0,2,1
312,1,0,0,2,0,1,2,0,1,1
313,1,0,0,2,0,2,0,1,1,1
314,1,0,0,2,0,2,1,0,1,1
315,1,0,0,2,1,0,1,2,0,1
316,1,0,0,2,1,0,2,1,0,1
317,1,0,0,2,2,0,1,1,0,1
318,1,0,1,0,0,0,0,1,1,1
319,1,0,1,0,0,0,1,0,1,1
320,1,0,1,0,0,0,1,1,0,1
321,1,0,1,0,0,0,1,2,2,1
322,1,0,1,0,0,0,2,1,2,1
323,1,0,1,0,0,0,2,2,1,1
324,1,0,1,0,0,1,1,0,0,1
325,1,0,1,0,0,1,2,0,2,1
326,1,0,1,0,0,2,1,0,2,1
327,1,0,1,0,0,2,2,0,1,1
328,1,0,1,0,1,1,0,0,0,1
329,1,0,1,1,0,0,0,0,1,1
330,1,0,1,1,0,0,2,0,2,1
331,1,0,1,1,0,1,0,0,0,1
332,1,0,1,1,0,2,0,0,2,1
333,1,0,1,1,0,2,2,0,0,1
334,1,0,1,1,1,0,0,0,0,1
335,1,0,1,1,2,2,0,0,0,1
336,1,0,1,2,0,0,1,0,2,1
337,1,0,1,2,0,0,2,0,1,1
338,1,0,1,2,0,1,0,0,2,1
339,1,0,1,2,0,1,2,0,0,1
340,1,0,1,2,0,2,0,0,1,1
341,1,0,1,2,0,2,1,0,0,1
342,1,0,1,2,0,2,2,0,2,1
343,1,0,1,2,1,2,0,0,0,1
344,1,0,1,2,2,1,0,0,0,1
345,1,0,2,0,0,0,1,1,2,1
346,1,0,2,0,0,0,1,2,1,1
347,1,0,2,0,0,0,2,1,1,1
348,1,0,2,0,0,1,1,0,2,1
349,1,0,2,0,0,1,2,0,1,1
350,1,0,2,0,0,2,1,0,1,1
351,1,0,2,1,0,0,2,0,1,1
352,1,0,2,1,0,1,0,0,2,1
353,1,0,2,1,0,1,2,0,0,1
354,1,0,2,1,0,2,0,0,1,1
355,1,0,2,1,0,2,2,0,2,1
356,1,0,2,1,1,2,0,0,0,1
357,1,0,2,1,2,1,0,0,0,1
358,1,0,2,2,0,0,1,0,1,1
359,1,0,2,2,0,1,0,0,1,1
360,1,0,2,2,0,1,1,0,0,1
361,1,0,2,2,0,1,2,0,2,1
362,1,0,2,2,0,2,1,0,2,1
363,1,0,2,2,0,2,2,0,1,1
364,1,0,2,2,1,1,0,0,0,1
365,1,1,0,0,0,0,0,1,1,1
366,1,1,0,0,0,0,1,0,1,1
367,1,1,0,0,0,0,1,1,0,1
368,1,1,0,0,0,0,1,2,2,1
369,1,1,0,0,0,0,2,1,2,1
370,1,1,0,0,0,0,2,2,1,1
371,1,1,0,0,0,1,0,0,1,1
372,1,1,0,0,0,1,0,1,0,1
373,1,1,0,0,0,1,0,2,2,1
374,1,1,0,0,0,2,0,1,2,1
375,1,1,0,0,0,2,0,2,1,1
376,1,1,0,0,1,0,1,0,0,1
377,1,1,0,0,1,0,2,2,0,1
378,1,1,0,0,1,1,0,0,0,1
379,1,1,0,0,2,0,1,2,0,1
380,1,1,0,0,2,0,2,1,0,1
381,1,1,0,1,0,0,0,0,1,1
382,1,1,0,1,0,0,0,1,0,1
383,1,1,0,1,0,0,0,2,2,1
384,1,1,0,1,0,0,2,2,0,1
385,1,1,0,1,0,1,0,0,0,1
386,1,1,0,1,0,2,0,0,2,1
387,1,1,0,1,0,2,0,2,0,1
388,1,1,0,1,1,0,0,0,0,1
389,1,1,0,1,2,0,0,2,0,1
390,1,1,0,1,2,0,2,0,0,1
391,1,1,0,1,2,2,0,0,0,1
392,1,1,0,2,0,0,0,1,2,1
393,1,1,0,2,0,0,0,2,1,1
394,1,1,0,2,0,0,1,2,0,1
395,1,1,0,2,0,0,2,1,0,1
396,1,1,0,2,0,1,0,0,2,1
397,1,1,0,2,0,1,0,2,0,1
398,1,1,0,2,0,2,0,0,1,1
399,1,1,0,2,0,2,0,1,0,1
400,1,1,0,2,0,2,0,2,2,1
401,1,1,0,2,1,0,0,2,0,1
402,1,1,0,2,1,0,2,0,0,1
403,1,1,0,2,1,2,0,0,0,1
404,1,1,0,2,2,0,0,1,0,1
405,1,1,0,2,2,0,1,0,0,1
406,1,1,0,2,2,0,2,2,0,1
407,1,1,0,2,2,1,0,0,0,1
408,1,1,2,0,0,0,0,1,2,1
409,1,1,2,0,0,0,0,2,1,1
410,1,1,2,0,0,0,1,0,2,1
411,1,1,2,0,0,0,1,2,0,1
412,1,1,2,0,0,0,2,0,1,1
413,1,1,2,0,0,0,2,1,0,1
414,1,1,2,0,0,0,2,2,2,1
415,1,1,2,0,1,2,0,0,0,1
416,1,1,2,0,2,1,0,0,0,1
417,1,1,2,1,0,2,0,0,0,1
418,1,1,2,1,2,0,0,0,0,1
419,1,1,2,2,0,1,0,0,0,1
420,1,1,2,2,1,0,0,0,0,1
421,1,1,2,2,2,2,0,0,0,1
422,1,2,0,0,0,0,1,1,2,1
423,1,2,0,0,0,0,1,2,1,1
424,1,2,0,0,0,0,2,1,1,1
425,1,2,0,0,0,1,0,1,2,1
426,1,2,0,0,0,1,0,2,1,1
427,1,2,0,0,0,2,0,1,1,1
428,1,2,0,0,1,0,1,2,0,1
429,1,2,0,0,1,0,2,1,0,1
430,1,2,0,0,2,0,1,1,0,1
431,1,2,0,1,0,0,0,1,2,1
432,1,2,0,1,0,0,0,2,1,1
433,1,2,0,1,0,0,2,1,0,1
434,1,2,0,1,0,1,0,0,2,1
435,1,2,0,1,0,1,0,2,0,1
436,1,2,0,1,0,2,0,0,1,1
437,1,2,0,1,0,2,0,1,0,1
438,1,2,0,1,0,2,0,2,2,1
439,1,2,0,1,1,0,0,2,0,1
440,1,2,0,1,1,0,2,0,0,1
441,1,2,0,1,1,2,0,0,0,1
442,1,2,0,1,2,0,0,1,0,1
443,1,2,0,1,2,0,2,2,0,1
444,1,2,0,1,2,1,0,0,0,1
445,1,2,0,2,0,0,0,1,1,1
446,1,2,0,2,0,0,1,1,0,1
447,1,2,0,2,0,1,0,0,1,1
448,1,2,0,2,0,1,0,1,0,1
449,1,2,0,2,0,1,0,2,2,1
450,1,2,0,2,0,2,0,1,2,1
451,1,2,0,2,0,2,0,2,1,1
452,1,2,0,2,1,0,0,1,0,1
453,1,2,0,2,1,0,1,0,0,1
454,1,2,0,2,1,0,2,2,0,1
455,1,2,0,2,1,1,0,0,0,1
456,1,2,0,2,2,0,1,2,0,1
457,1,2,0,2,2,0,2,1,0,1
458,1,2,1,0,0,0,0,1,2,1
459,1,2,1,0,0,0,0,2,1,1
460,1,2,1,0,0,0,1,0,2,1
461,1,2,1,0,0,0,1,2,0,1
462,1,2,1,0,0,0,2,0,1,1
463,1,2,1,0,0,0,2,1,0,1
464,1,2,1,0,0,0,2,2,2,1
465,1,2,1,0,1,2,0,0,0,1
466,1,2,1,0,2,1,0,0,0,1
467,1,2,1,1,0,2,0,0,0,1
468,1,2,1,1,2,0,0,0,0,1
469,1,2,1,2,0,1,0,0,0,1
470,1,2,1,2,1,0,0,0,0,1
471,1,2,1,2,2,2,0,0,0,1
472,1,2,2,0,0,0,0,1,1,1
473,1,2,2,0,0,0,1,0,1,1
474,1,2,2,0,0,0,1,1,0,1
475,1,2,2,0,0,0,1,2,2,1
476,1,2,2,0,0,0,2,1,2,1
477,1,2,2,0,0,0,2,2,1,1
478,1,2,2,0,1,1,0,0,0,1
479,1,2,2,1,0,1,0,0,0,1
480,1,2,2,1,1,0,0,0,0,1
481,1,2,2,1,2,2,0,0,0,1
482,1,2,2,2,1,2,0,0,0,1
483,1,2,2,2,2,1,0,0,0,1
484,2,0,0,1,0,1,0,1,2,1
485,2,0,0,1,0,1,0,2,1,1
486,2,0,0,1,0,1,1,0,2,1
487,2,0,0,1,0,1,2,0,1,1
488,2,0,0,1,0,2,0,1,1,1
489,2,0,0,1,0,2,1,0,1,1
490,2,0,0,1,1,0,1,2,0,1
491,2,0,0,1,1,0,2,1,0,1
492,2,0,0,1,2,0,1,1,0,1
493,2,0,0,2,0,1,0,1,1,1
494,2,0,0,2,0,1,1,0,1,1
495,2,0,0,2,1,0,1,1,0,1
496,2,0,1,0,0,0,1,1,2,1
497,2,0,1,0,0,0,1,2,1,1
498,2,0,1,0,0,0,2,1,1,1
499,2,0,1,0,0,1,1,0,2,1
500,2,0,1,0,0,2,1,0,1,1
501,2,0,1,1,0,0,1,0,2,1
502,2,0,1,1,0,0,2,0,1,1
503,2,0,1,1,0,1,0,0,2,1
504,2,0,1,1,0,1,2,0,0,1
505,2,0,1,1,0,2,0,0,1,1
506,2,0,1,1,0,2,1,0,0,1
507,2,0,1,1,0,2,2,0,2,1
508,2,0,1,1,1,2,0,0,0,1
509,2,0,1,1,2,1,0,0,0,1
510,2,0,1,2,0,0,1,0,1,1
511,2,0,1,2,0,1,1,0,0,1
512,2,0,1,2,0,1,2,0,2,1
513,2,0,1,2,0,2,1,0,2,1
514,2,0,1,2,0,2,2,0,1,1
515,2,0,1,2,1,1,0,0,0,1
516,2,0,2,0,0,1,1,0,1,1
517,2,0,2,1,0,0,1,0,1,1
518,2,0,2,1,0,1,0,0,1,1
519,2,0,2,1,0,1,1,0,0,1
520,2,0,2,1,0,1,2,0,2,1
521,2,0,2,1,0,2,1,0,2,1
522,2,0,2,1,0,2,2,0,1,1
523,2,0,2,2,0,1,1,0,2,1
524,2,0,2,2,0,1,2,0,1,1
525,2,0,2,2,0,2,1,0,1,1
526,2,1,0,0,0,0,1,1,2,1
527,2,1,0,0,0,0,1,2,1,1
528,2,1,0,0,0,0,2,1,1,1
529,2,1,0,0,0,1,0,1,2,1
530,2,1,0,0,0,1,0,2,1,1
531,2,1,0,0,0,2,0,1,1,1
532,2,1,0,0,1,0,1,2,0,1
533,2,1,0,0,2,0,1,1,0,1
534,2,1,0,1,0,0,0,1,2,1
535,2,1,0,1,0,0,0,2,1,1
536,2,1,0,1,0,0,1,2,0,1
537,2,1,0,1,0,0,2,1,0,1
538,2,1,0,1,0,1,0,0,2,1
539,2,1,0,1,0,1,0,2,0,1
540,2,1,0,1,0,2,0,0,1,1
541,2,1,0,1,0,2,0,1,0,1
542,2,1,0,1,0,2,0,2,2,1
543,2,1,0,1,1,0,0,2,0,1
544,2,1,0,1,1,0,2,0,0,1
545,2,1,0,1,1,2,0,0,0,1
546,2,1,0,1,2,0,0,1,0,1
547,2,1,0,1,2,0,1,0,0,1
548,2,1,0,1,2,0,2,2,0,1
549,2,1,0,1,2,1,0,0,0,1
550,2,1,0,2,0,0,0,1,1,1
551,2,1,0,2,0,0,1,1,0,1
552,2,1,0,2,0,1,0,0,1,1
553,2,1,0,2,0,1,0,1,0,1
554,2,1,0,2,0,1,0,2,2,1
555,2,1,0,2,0,2,0,1,2,1
556,2,1,0,2,0,2,0,2,1,1
557,2,1,0,2,1,0,1,0,0,1
558,2,1,0,2,1,0,2,2,0,1
559,2,1,0,2,1,1,0,0,0,1
560,2,1,0,2,2,0,1,2,0,1
561,2,1,0,2,2,0,2,1,0,1
562,2,1,1,0,0,0,0,1,2,1
563,2,1,1,0,0,0,0,2,1,1
564,2,1,1,0,0,0,1,0,2,1
565,2,1,1,0,0,0,1,2,0,1
566,2,1,1,0,0,0,2,0,1,1
567,2,1,1,0,0,0,2,1,0,1
568,2,1,1,0,0,0,2,2,2,1
569,2,1,1,0,1,2,0,0,0,1
570,2,1,1,0,2,1,0,0,0,1
571,2,1,1,1,0,2,0,0,0,1
572,2,1,1,1,2,0,0,0,0,1
573,2,1,1,2,0,1,0,0,0,1
574,2,1,1,2,1,0,0,0,0,1
575,2,1,1,2,2,2,0,0,0,1
576,2,1,2,0,0,0,0,1,1,1
577,2,1,2,0,0,0,1,0,1,1
578,2,1,2,0,0,0,1,1,0,1
579,2,1,2,0,0,0,1,2,2,1
580,2,1,2,0,0,0,2,1,2,1
581,2,1,2,0,0,0,2,2,1,1
582,2,1,2,0,1,1,0,0,0,1
583,2,1,2,1,0,1,0,0,0,1
584,2,1,2,1,1,0,0,0,0,1
585,2,1,2,1,2,2,0,0,0,1
586,2,1,2,2,1,2,0,0,0,1
587,2,1,2,2,2,1,0,0,0,1
588,2,2,0,0,0,1,0,1,1,1
589,2,2,0,0,1,0,1,1,0,1
590,2,2,0,1,0,0,0,1,1,1
591,2,2,0,1,0,0,1,1,0,1
592,2,2,0,1,0,1,0,0,1,1
593,2,2,0,1,0,1,0,1,0,1
594,2,2,0,1,0,1,0,2,2,1
595,2,2,0,1,0,2,0,1,2,1
596,2,2,0,1,0,2,0,2,1,1
597,2,2,0,1,1,0,0,1,0,1
598,2,2,0,1,1,0,1,0,0,1
599,2,2,0,1,1,0,2,2,0,1
600,2,2,0,1,2,0,1,2,0,1
601,2,2,0,1,2,0,2,1,0,1
602,2,2,0,2,0,1,0,1,2,1
603,2,2,0,2,0,1,0,2,1,1
604,2,2,0,2,0,2,0,1,1,1
605,2,2,0,2,1,0,1,2,0,1
606,2,2,0,2,1,0,2,1,0,1
607,2,2,0,2,2,0,1,1,0,1
608,2,2,1,0,0,0,0,1,1,1
609,2,2,1,0,0,0,1,0,1,1
610,2,2,1,0,0,0,1,1,0,1
611,2,2,1,0,0,0,1,2,2,1
612,2,2,1,0,0,0,2,1,2,1
613,2,2,1,0,0,0,2,2,1,1
614,2,2,1,0,1,1,0,0,0,1
615,2,2,1,1,0,1,0,0,0,1
616,2,2,1,1,1,0,0,0,0,1
617,2,2,1,1,2,2,0,0,0,1
618,2,2,1,2,1,2,0,0,0,1
619,2,2,1,2,2,1,0,0,0,1
620,2,2,2,0,0,0,1,1,2,1
621,2,2,2,0,0,0,1,2,1,1
622,2,2,2,0,0,0,2,1,1,1
623,2,2,2,1,1,2,0,0,0,1
624,2,2,2,1,2,1,0,0,0,1
625,2,2,2,2,1,1,0,0,0,1
626,0,0,1,0,0,1,1,2,1,0
627,0,0,1,0,0,1,2,1,1,0
628,0,0,1,0,0,2,1,1,1,0
629,0,0,1,0,1,0,1,1,2,0
630,0,0,1,0,1,0,1,2,1,0
631,0,0,1,0,1,1,1,0,2,0
632,0,0,1,0,1,1,1,2,0,0
633,0,0,1,0,1,1,2,0,1,0
634,0,0,1,0,1,2,1,0,1,0
635,0,0,1,0,1,2,1,1,0,0
636,0,0,1,0,1,2,1,2,2,0
637,0,0,1,0,2,0,1,1,1,0
638,0,0,1,0,2,1,1,0,1,0
639,0,0,1,0,2,1,2,2,1,0
640,0,0,1,1,0,1,0,2,1,0
641,0,0,1,1,1,0,1,0,2,0
642,0,0,1,1,1,0,1,2,0,0
643,0,0,1,1,1,1,0,0,2,0
644,0,0,1,1,1,1,0,2,0,0
645,0,0,1,1,1,1,2,0,0,0
646,0,0,1,1,1,2,1,0,0,0
647,0,0,1,1,2,1,0,0,1,0
648,0,0,1,2,0,0,1,1,1,0
649,0,0,1,2,0,1,0,1,1,0
650,0,0,1,2,0,1,2,2,1,0
651,0,0,1,2,1,0,1,0,1,0
652,0,0,1,2,1,0,1,1,0,0
653,0,0,1,2,1,0,1,2,2,0
654,0,0,1,2,1,1,0,0,1,0
655,0,0,1,2,1,1,1,0,0,0
656,0,0,1,2,1,2,1,0,2,0
657,0,0,1,2,1,2,1,2,0,0
658,0,0,1,2,2,1,0,2,1,0
659,0,0,1,2,2,1,2,0,1,0
660,0,0,2,0,0,1,1,1,1,0
661,0,0,2,0,1,0,1,1,1,0
662,0,0,2,0,2,2,1,1,1,0
663,0,0,2,1,0,0,1,1,1,0
664,0,0,2,1,1,1,0,0,1,0
665,0,0,2,1,1,1,0,1,0,0
666,0,0,2,1,1,1,0,2,2,0
667,0,0,2,1,1,1,1,0,0,0
668,0,0,2,1,1,1,2,0,2,0
669,0,0,2,1,1,1,2,2,0,0
670,0,0,2,2,0,2,1,1,1,0
671,0,0,2,2,2,0,1,1,1,0
672,0,1,0,0,0,2,1,1,1,0
673,0,1,0,0,1,0,1,1,2,0
674,0,1,0,0,1,0,2,1,1,0
675,0,1,0,0,1,1,2,1,0,0
676,0,1,0,0,1,2,1,1,0,0
677,0,1,0,0,1,2,2,1,2,0
678,0,1,0,0,2,0,1,1,1,0
679,0,1,0,1,1,0,0,1,2,0
680,0,1,0,1,1,1,0,0,2,0
681,0,1,0,1,1,1,0,2,0,0
682,0,1,0,1,1,1,2,0,0,0
683,0,1,0,1,1,2,0,1,0,0
684,0,1,0,2,0,0,1,1,1,0
685,0,1,0,2,1,0,0,1,1,0
686,0,1,0,2,1,0,2,1,2,0
687,0,1,0,2,1,1,0,1,0,0
688,0,1,0,2,1,2,0,1,2,0
689,0,1,0,2,1,2,2,1,0,0
690,0,1,1,0,0,1,2,0,1,0
691,0,1,1,0,1,0,1,0,2,0
692,0,1,1,0,1,0,1,2,0,0
693,0,1,1,0,1,0,2,1,0,0
694,0,1,1,0,1,2,1,0,0,0
695,0,1,1,2,0,1,0,0,1,0
696,0,1,1,2,1,0,0,1,0,0
697,0,1,1,2,1,0,1,0,0,0
698,0,1,2,0,1,0,1,1,0,0
699,0,1,2,0,1,0,2,1,2,0
700,0,1,2,0,1,2,2,1,0,0
701,0,1,2,1,1,0,0,1,0,0
702,0,1,2,2,1,0,0,1,2,0
703,0,1,2,2,1,0,2,1,0,0
704,0,1,2,2,1,2,0,1,0,0
705,0,2,0,0,0,1,1,1,1,0
706,0,2,0,0,1,0,1,1,1,0
707,0,2,0,0,2,2,1,1,1,0
708,0,2,0,1,0,0,1,1,1,0
709,0,2,0,1,1,1,0,0,1,0
710,0,2,0,1,1,1,0,1,0,0
711,0,2,0,1,1,1,0,2,2,0
712,0,2,0,1,1,1,1,0,0,0
713,0,2,0,1,1,1,2,0,2,0
714,0,2,0,1,1,1,2,2,0,0
715,0,2,0,2,0,2,1,1,1,0
716,0,2,0,2,2,0,1,1,1,0
717,0,2,1,0,0,1,1,0,1,0
718,0,2,1,0,0,1,2,2,1,0
719,0,2,1,0,1,0,1,0,1,0
720,0,2,1,0,1,0,1,1,0,0
721,0,2,1,0,1,0,1,2,2,0
722,0,2,1,0,1,1,1,0,0,0
723,0,2,1,0,1,2,1,0,2,0
724,0,2,1,0,1,2,1,2,0,0
725,0,2,1,0,2,1,2,0,1,0
726,0,2,1,1,0,1,0,0,1,0
727,0,2,1,1,1,0,1,0,0,0
728,0,2,1,2,0,1,0,2,1,0
729,0,2,1,2,0,1,2,0,1,0
730,0,2,1,2,1,0,1,0,2,0
731,0,2,1,2,1,0,1,2,0,0
732,0,2,1,2,1,2,1,0,0,0
733,0,2,1,2,2,1,0,0,1,0
734,0,2,2,0,0,2,1,1,1,0
735,0,2,2,0,2,0,1,1,1,0
736,0,2,2,1,1,1,0,0,2,0
737,0,2,2,1,1,1,0,2,0,0
738,0,2,2,1,1,1,2,0,0,0
739,0,2,2,2,0,0,1,1,1,0
740,1,0,0,0,0,2,1,1,1,0
741,1,0,0,0,1,0,1,2,1,0
742,1,0,0,0,1,0,2,1,1,0
743,1,0,0,0,1,1,0,2,1,0
744,1,0,0,0,1,1,2,0,1,0
745,1,0,0,0,1,2,0,1,1,0
746,1,0,0,0,1,2,1,0,1,0
747,1,0,0,0,1,2,2,2,1,0
748,1,0,0,0,2,0,1,1,1,0
749,1,0,0,1,0,0,1,1,2,0
750,1,0,0,1,0,0,1,2,1,0
751,1,0,0,1,0,1,1,2,0,0
752,1,0,0,1,0,2,1,1,0,0
753,1,0,0,1,0,2,1,2,2,0
754,1,0,0,1,1,0,0,2,1,0
755,1,0,0,1,1,0,1,0,2,0
756,1,0,0,1,1,0,2,0,1,0
757,1,0,0,1,1,1,0,0,2,0
758,1,0,0,1,1,1,0,2,0,0
759,1,0,0,1,1,1,2,0,0,0
760,1,0,0,1,1,2,0,0,1,0
761,1,0,0,1,1,2,1,0,0,0
762,1,0,0,1,2,0,1,0,1,0
763,1,0,0,1,2,0,1,2,2,0
764,1,0,0,1,2,1,1,0,0,0
765,1,0,0,1,2,2,1,0,2,0
766,1,0,0,1,2,2,1,2,0,0
767,1,0,0,2,0,0,1,1,1,0
768,1,0,0,2,1,0,0,1,1,0
769,1,0,0,2,1,0,1,0,1,0
770,1,0,0,2,1,0,2,2,1,0
771,1,0,0,2,1,1,0,0,1,0
772,1,0,0,2,1,2,0,2,1,0
773,1,0,0,2,1,2,2,0,1,0
774,1,0,1,0,0,1,0,2,1,0
775,1,0,1,0,1,0,0,2,1,0
776,1,0,1,0,1,0,1,0,2,0
777,1,0,1,0,1,0,1,2,0,0
778,1,0,1,0,1,0,2,0,1,0
779,1,0,1,0,1,2,0,0,1,0
780,1,0,1,0,1,2,1,0,0,0
781,1,0,1,0,2,1,0,0,1,0
782,1,0,1,1,0,0,1,2,0,0
783,1,0,1,1,2,0,1,0,0,0
784,1,0,1,2,1,0,0,0,1,0
785,1,0,1,2,1,0,1,0,0,0
786,1,0,2,0,1,0,0,1,1,0
787,1,0,2,0,1,0,1,0,1,0
788,1,0,2,0,1,0,2,2,1,0
789,1,0,2,0,1,1,0,0,1,0
790,1,0,2,0,1,2,0,2,1,0
791,1,0,2,0,1,2,2,0,1,0
792,1,0,2,1,0,0,1,1,0,0
793,1,0,2,1,0,0,1,2,2,0
794,1,0,2,1,0,2,1,2,0,0
795,1,0,2,1,1,0,0,0,1,0
796,1,0,2,1,1,0,1,0,0,0
797,1,0,2,1,2,0,1,0,2,0
798,1,0,2,1,2,0,1,2,0,0
799,1,0,2,1,2,2,1,0,0,0
800,1,0,2,2,1,0,0,2,1,0
801,1,0,2,2,1,0,2,0,1,0
802,1,0,2,2,1,2,0,0,1,0
803,1,1,0,0,1,0,0,1,2,0
804,1,1,0,0,1,0,0,2,1,0
805,1,1,0,0,1,0,2,0,1,0
806,1,1,0,0,1,2,0,0,1,0
807,1,1,0,0,1,2,0,1,0,0
808,1,1,0,1,0,0,1,0,2,0
809,1,1,0,1,0,2,1,0,0,0
810,1,1,0,2,1,0,0,0,1,0
811,1,1,1,0,0,1,0,0,2,0
812,1,1,1,0,0,1,0,2,0,0
813,1,1,1,0,0,1,2,0,0,0
814,1,1,1,0,0,2,0,0,1,0
815,1,1,1,0,0,2,0,1,0,0
816,1,1,1,0,0,2,0,2,2,0
817,1,1,1,0,0,2,1,0,0,0
818,1,1,1,0,0,2,2,0,2,0
819,1,1,1,0,0,2,2,2,0,0
820,1,1,1,0,1,0,0,0,2,0
821,1,1,1,0,1,0,0,2,0,0
822,1,1,1,0,1,0,2,0,0,0
823,1,1,1,0,2,0,0,0,1,0
824,1,1,1,0,2,0,0,1,0,0
825,1,1,1,0,2,0,0,2,2,0
826,1,1,1,0,2,0,1,0,0,0
827,1,1,1,0,2,0,2,0,2,0
828,1,1,1,0,2,0,2,2,0,0
829,1,1,1,0,2,2,0,0,2,0
830,1,1,1,0,2,2,0,2,0,0
831,1,1,1,0,2,2,2,0,0,0
832,1,1,1,1,0,0,0,0,2,0
833,1,1,1,1,0,0,0,2,0,0
834,1,1,1,1,0,0,2,0,0,0
835,1,1,1,2,0,0,0,0,1,0
836,1,1,1,2,0,0,0,1,0,0
837,1,1,1,2,0,0,0,2,2,0
838,1,1,1,2,0,0,1,0,0,0
839,1,1,1,2,0,0,2,0,2,0
840,1,1,1,2,0,0,2,2,0,0
841,1,1,1,2,0,2,0,0,2,0
842,1,1,1,2,0,2,0,2,0,0
843,1,1,1,2,0,2,2,0,0,0
844,1,1,1,2,2,0,0,0,2,0
845,1,1,1,2,2,0,0,2,0,0
846,1,1,1,2,2,0,2,0,0,0
847,1,1,2,0,1,0,0,0,1,0
848,1,1,2,0,1,0,0,1,0,0
849,1,1,2,1,0,0,1,0,0,0
850,1,2,0,0,1,0,0,1,1,0
851,1,2,0,0,1,0,1,0,1,0
852,1,2,0,0,1,0,2,2,1,0
853,1,2,0,0,1,1,0,0,1,0
854,1,2,0,0,1,2,0,2,1,0
855,1,2,0,0,1,2,2,0,1,0
856,1,2,0,1,0,0,1,0,1,0
857,1,2,0,1,0,0,1,2,2,0
858,1,2,0,1,0,1,1,0,0,0
859,1,2,0,1,0,2,1,0,2,0
860,1,2,0,1,0,2,1,2,0,0
861,1,2,0,1,1,0,0,0,1,0
862,1,2,0,1,2,0,1,0,2,0
863,1,2,0,1,2,2,1,0,0,0
864,1,2,0,2,1,0,0,2,1,0
865,1,2,0,2,1,0,2,0,1,0
866,1,2,0,2,1,2,0,0,1,0
867,1,2,1,0,0,1,0,0,1,0
868,1,2,1,0,1,0,0,0,1,0
869,1,2,1,0,1,0,1,0,0,0
870,1,2,1,1,0,0,1,0,0,0
871,1,2,2,0,1,0,0,2,1,0
872,1,2,2,0,1,0,2,0,1,0
873,1,2,2,0,1,2,0,0,1,0
874,1,2,2,1,0,0,1,0,2,0
875,1,2,2,1,0,0,1,2,0,0
876,1,2,2,1,0,2,1,0,0,0
877,1,2,2,1,2,0,1,0,0,0
878,1,2,2,2,1,0,0,0,1,0
879,2,0,0,0,0,1,1,1,1,0
880,2,0,0,0,1,0,1,1,1,0
881,2,0,0,0,2,2,1,1,1,0
882,2,0,0,1,0,0,1,1,1,0
883,2,0,0,1,1,1,0,0,1,0
884,2,0,0,1,1,1,0,1,0,0
885,2,0,0,1,1,1,0,2,2,0
886,2,0,0,1,1,1,1,0,0,0
887,2,0,0,1,1,1,2,0,2,0
888,2,0,0,1,1,1,2,2,0,0
889,2,0,0,2,0,2,1,1,1,0
890,2,0,0,2,2,0,1,1,1,0
891,2,0,1,0,0,1,0,1,1,0
892,2,0,1,0,0,1,2,2,1,0
893,2,0,1,0,1,0,1,0,1,0
894,2,0,1,0,1,0,1,1,0,0
895,2,0,1,0,1,0,1,2,2,0
896,2,0,1,0,1,1,0,0,1,0
897,2,0,1,0,1,1,1,0,0,0
898,2,0,1,0,1,2,1,0,2,0
899,2,0,1,0,1,2,1,2,0,0
900,2,0,1,0,2,1,0,2,1,0
901,2,0,1,0,2,1,2,0,1,0
902,2,0,1,1,1,0,1,0,0,0
903,2,0,1,2,0,1,0,2,1,0
904,2,0,1,2,1,0,1,0,2,0
905,2,0,1,2,1,0,1,2,0,0
906,2,0,1,2,1,2,1,0,0,0
907,2,0,1,2,2,1,0,0,1,0
908,2,0,2,0,0,2,1,1,1,0
909,2,0,2,0,2,0,1,1,1,0
910,2,0,2,1,1,1,0,0,2,0
911,2,0,2,1,1,1,0,2,0,0
912,2,0,2,1,1,1,2,0,0,0
913,2,0,2,2,0,0,1,1,1,0
914,2,1,0,0,1,0,0,1,1,0
915,2,1,0,0,1,0,2,1,2,0
916,2,1,0,0,1,1,0,1,0,0
917,2,1,0,0,1,2,0,1,2,0
918,2,1,0,0,1,2,2,1,0,0
919,2,1,0,2,1,0,0,1,2,0
920,2,1,0,2,1,2,0,1,0,0
921,2,1,1,0,0,1,0,0,1,0
922,2,1,1,0,1,0,0,1,0,0
923,2,1,1,0,1,0,1,0,0,0
924,2,1,2,0,1,0,0,1,2,0
925,2,1,2,0,1,0,2,1,0,0
926,2,1,2,0,1,2,0,1,0,0
927,2,1,2,2,1,0,0,1,0,0
928,2,2,0,0,0,2,1,1,1,0
929,2,2,0,0,2,0,1,1,1,0
930,2,2,0,1,1,1,0,0,2,0
931,2,2,0,1,1,1,0,2,0,0
932,2,2,0,1,1,1,2,0,0,0
933,2,2,0,2,0,0,1,1,1,0
934,2,2,1,0,0,1,0,2,1,0
935,2,2,1,0,0,1,2,0,1,0
936,2,2,1,0,1,0,1,0,2,0
937,2,2,1,0,1,0,1,2,0,0
938,2,2,1,0,1,2,1,0,0,0
939,2,2,1,0,2,1,0,0,1,0
940,2,2,1,2,0,1,0,0,1,0
941,2,2,1,2,1,0,1,0,0,0
942,0,0,1,1,0,0,0,1,1,0
943,0,0,1,1,1,0,0,0,1,0
944,0,0,1,1,1,0,0,1,0,0
945,0,1,0,0,0,1,1,0,1,0
946,0,1,0,0,1,0,1,0,1,0
947,0,1,0,0,1,1,1,0,0,0
948,0,1,0,1,0,0,1,0,1,0
949,0,1,0,1,1,0,0,0,1,0
950,0,1,1,1,0,0,0,0,1,0
951,1,0,0,0,0,1,1,1,0,0
952,1,0,0,0,1,1,0,1,0,0
953,1,0,0,0,1,1,1,0,0,0
954,1,0,1,0,0,1,0,1,0,0
955,1,0,1,0,1,0,0,1,0,0
956,1,0,1,1,0,0,0,1,0,0
957,1,1,0,0,0,1,1,0,0,0
